-- phpMyAdmin SQL Dump
-- version 4.8.3
-- https://www.phpmyadmin.net/
--
-- Хост: 127.0.0.1
-- Время создания: Июн 10 2019 г., 00:24
-- Версия сервера: 10.1.36-MariaDB
-- Версия PHP: 7.2.10

SET SQL_MODE = "NO_AUTO_VALUE_ON_ZERO";
SET AUTOCOMMIT = 0;
START TRANSACTION;
SET time_zone = "+00:00";


/*!40101 SET @OLD_CHARACTER_SET_CLIENT=@@CHARACTER_SET_CLIENT */;
/*!40101 SET @OLD_CHARACTER_SET_RESULTS=@@CHARACTER_SET_RESULTS */;
/*!40101 SET @OLD_COLLATION_CONNECTION=@@COLLATION_CONNECTION */;
/*!40101 SET NAMES utf8mb4 */;

--
-- База данных: `db_students`
--

-- --------------------------------------------------------

--
-- Структура таблицы `accounts`
--

CREATE TABLE `accounts` (
  `account_id` int(11) NOT NULL,
  `account_username` varchar(90) COLLATE utf8_unicode_ci NOT NULL,
  `account_password` varchar(90) COLLATE utf8_unicode_ci NOT NULL,
  `account_status` tinyint(4) NOT NULL DEFAULT '0',
  `account_date_created` datetime DEFAULT CURRENT_TIMESTAMP
) ENGINE=InnoDB DEFAULT CHARSET=utf8 COLLATE=utf8_unicode_ci;

--
-- Дамп данных таблицы `accounts`
--

INSERT INTO `accounts` (`account_id`, `account_username`, `account_password`, `account_status`, `account_date_created`) VALUES
(1, 'admin', 'dd94709528bb1c83d08f3088d4043f4742891f4f', 1, '2019-06-10 01:24:07');

-- --------------------------------------------------------

--
-- Структура таблицы `accounts_registration`
--

CREATE TABLE `accounts_registration` (
  `account_registration_code` varchar(16) COLLATE utf8_unicode_ci NOT NULL COMMENT 'Код регистрации',
  `account_link_to_teacher_id` int(11) NOT NULL COMMENT 'Привязать аккаунт к id учителя',
  `account_registration_code_created_date` datetime NOT NULL DEFAULT CURRENT_TIMESTAMP COMMENT 'Дата создания кода'
) ENGINE=InnoDB DEFAULT CHARSET=utf8 COLLATE=utf8_unicode_ci;

-- --------------------------------------------------------

--
-- Структура таблицы `bindings_accounts`
--

CREATE TABLE `bindings_accounts` (
  `account_id` int(11) NOT NULL,
  `teacher_id` int(11) NOT NULL
) ENGINE=InnoDB DEFAULT CHARSET=utf8 COLLATE=utf8_unicode_ci;

-- --------------------------------------------------------

--
-- Структура таблицы `groups`
--

CREATE TABLE `groups` (
  `group_id` int(11) NOT NULL,
  `group_name` varchar(120) COLLATE utf8_unicode_ci NOT NULL COMMENT 'Название группы, (например: 09.02.03 Программирование в компьютерных системах)',
  `group_short_name` varchar(30) COLLATE utf8_unicode_ci NOT NULL COMMENT 'Сокращённое название (например: ПКС)'
) ENGINE=InnoDB DEFAULT CHARSET=utf8 COLLATE=utf8_unicode_ci;

--
-- Дамп данных таблицы `groups`
--

INSERT INTO `groups` (`group_id`, `group_name`, `group_short_name`) VALUES
(1, '09.02.03 Программирование в компьютерных системах', 'ПКС'),
(2, '09.02.01 Компьютерные системы и комплексы', 'КСК'),
(3, '54.02.01 Дизайн', 'Д'),
(4, '43.02.10 Туризм', 'Т'),
(5, '29.02.06 Полиграфическое производство', 'ПП'),
(6, '18.02.01 Аналитический контроль качества химических соединений', 'АК'),
(7, '38.02.03 Операционная деятельность в логистике', 'ОДЛ'),
(8, '38.02.06 Финансы', 'Ф'),
(9, '42.02.02 Издательское дело', 'ИД');

-- --------------------------------------------------------

--
-- Структура таблицы `groups_curators`
--

CREATE TABLE `groups_curators` (
  `group_unique_group_id` int(11) NOT NULL,
  `teacher_id` int(11) NOT NULL
) ENGINE=InnoDB DEFAULT CHARSET=utf8 COLLATE=utf8_unicode_ci;

-- --------------------------------------------------------

--
-- Структура таблицы `groups_now`
--

CREATE TABLE `groups_now` (
  `group_unique_group_id` int(11) NOT NULL,
  `group_id` int(11) NOT NULL COMMENT 'Идентификатор общего типа группы (Например: ПКС, КСК, ...)',
  `group_by_number` int(11) NOT NULL COMMENT 'Номер группы (Например 10-ая группа (ПКС10) )',
  `group_start_year` year(4) NOT NULL COMMENT 'Год начала обучения',
  `group_end_year` year(4) NOT NULL COMMENT 'Год окончания обучения'
) ENGINE=InnoDB DEFAULT CHARSET=utf8 COLLATE=utf8_unicode_ci;

--
-- Дамп данных таблицы `groups_now`
--

INSERT INTO `groups_now` (`group_unique_group_id`, `group_id`, `group_by_number`, `group_start_year`, `group_end_year`) VALUES
(1, 6, 9, 2018, 2022),
(2, 3, 6, 2018, 2022),
(3, 8, 9, 2018, 2021),
(4, 9, 4, 2018, 2022),
(5, 2, 14, 2018, 2022),
(6, 2, 15, 2018, 2022),
(7, 7, 9, 2018, 2021),
(8, 1, 15, 2018, 2022),
(9, 1, 16, 2018, 2022),
(10, 4, 15, 2018, 2022),
(11, 4, 16, 2018, 2022),
(12, 6, 8, 2017, 2021),
(13, 8, 8, 2017, 2020),
(14, 9, 3, 2017, 2021),
(15, 2, 12, 2017, 2021),
(16, 2, 13, 2017, 2021),
(17, 7, 8, 2017, 2020),
(18, 1, 13, 2017, 2021),
(19, 1, 14, 2017, 2021),
(20, 4, 13, 2017, 2021),
(21, 4, 14, 2017, 2021),
(22, 3, 5, 2017, 2021),
(23, 6, 7, 2016, 2020),
(24, 3, 4, 2016, 2020),
(25, 8, 7, 2016, 2019),
(26, 9, 2, 2016, 2020),
(27, 2, 10, 2016, 2020),
(28, 2, 11, 2016, 2020),
(29, 7, 7, 2016, 2019),
(30, 1, 11, 2016, 2020),
(31, 1, 12, 2016, 2020),
(32, 4, 11, 2016, 2020),
(33, 4, 12, 2016, 2020),
(34, 6, 6, 2015, 2019),
(35, 2, 8, 2015, 2019),
(36, 2, 9, 2015, 2019),
(37, 3, 3, 2015, 2019),
(38, 1, 9, 2015, 2019),
(39, 1, 10, 2015, 2019),
(40, 5, 3, 2015, 2019),
(41, 4, 9, 2015, 2019),
(42, 4, 10, 2015, 2019);

-- --------------------------------------------------------

--
-- Структура таблицы `sessions`
--

CREATE TABLE `sessions` (
  `session_id` varchar(64) COLLATE utf8_unicode_ci NOT NULL,
  `user_agent` text COLLATE utf8_unicode_ci NOT NULL,
  `session_time_end` varchar(16) COLLATE utf8_unicode_ci NOT NULL,
  `account_username` varchar(90) COLLATE utf8_unicode_ci NOT NULL
) ENGINE=InnoDB DEFAULT CHARSET=utf8 COLLATE=utf8_unicode_ci;

--
-- Дамп данных таблицы `sessions`
--

INSERT INTO `sessions` (`session_id`, `user_agent`, `session_time_end`, `account_username`) VALUES
('id72a0vndl54t6tkum78005okb', 'Mozilla/5.0 (Windows NT 10.0; Win64; x64) AppleWebKit/537.36 (KHTML, like Gecko) Chrome/74.0.3729.169 Safari/537.36', '1562708825', 'logintest'),
('lmkd0250qmogv4lrgt8nh12epi', 'Mozilla/5.0 (Windows NT 10.0; Win64; x64) AppleWebKit/537.36 (KHTML, like Gecko) Chrome/74.0.3729.169 Safari/537.36', '1562711063', 'admin');

-- --------------------------------------------------------

--
-- Структура таблицы `students`
--

CREATE TABLE `students` (
  `student_id` int(11) NOT NULL,
  `group_unique_group_id` int(11) NOT NULL,
  `student_name` varchar(90) COLLATE utf8_unicode_ci NOT NULL COMMENT 'Имя студента',
  `student_second_name` varchar(90) COLLATE utf8_unicode_ci NOT NULL COMMENT 'Фамилия студента',
  `student_middle_name` varchar(90) COLLATE utf8_unicode_ci NOT NULL COMMENT 'Отчество студента',
  `student_phone` varchar(30) COLLATE utf8_unicode_ci NOT NULL COMMENT 'Телефон студента',
  `student_email` text COLLATE utf8_unicode_ci NOT NULL COMMENT 'Электронная почта студента',
  `student_birth` date NOT NULL COMMENT 'Дата рождения студента',
  `student_more_info` text COLLATE utf8_unicode_ci COMMENT 'Дополнительная информация о студенте',
  `student_gender` tinyint(4) NOT NULL COMMENT '1 - парень; 2 - девушка'
) ENGINE=InnoDB DEFAULT CHARSET=utf8 COLLATE=utf8_unicode_ci;

--
-- Дамп данных таблицы `students`
--

INSERT INTO `students` (`student_id`, `group_unique_group_id`, `student_name`, `student_second_name`, `student_middle_name`, `student_phone`, `student_email`, `student_birth`, `student_more_info`, `student_gender`) VALUES
(1, 1, 'Амина', 'Абдуллаева', 'Бахрамовна', '', '', '0000-00-00', NULL, 2),
(2, 1, 'Никита', 'Басенко', 'Валерьевич', '', '', '0000-00-00', NULL, 1),
(3, 1, 'Артем', 'Березовчук', 'Леонидович', '', '', '0000-00-00', NULL, 1),
(4, 1, 'Екатерина', 'Бородай', 'Сергеевна', '', '', '0000-00-00', NULL, 2),
(5, 1, 'Михаил', 'Галущенко', 'Александрович', '', '', '0000-00-00', NULL, 1),
(6, 1, 'Марина', 'Ганем', 'Жорж', '', '', '0000-00-00', NULL, 2),
(7, 1, 'Илона', 'Граховская', 'Евгеньевна', '', '', '0000-00-00', NULL, 2),
(8, 1, 'Денис', 'Гуцко', 'Олегович', '', '', '0000-00-00', NULL, 1),
(9, 1, 'Дарья', 'Глущенко', 'Анатольевна', '', '', '0000-00-00', NULL, 2),
(10, 1, 'Давид', 'Даниелян', 'Акобович', '', '', '0000-00-00', NULL, 1),
(11, 1, 'Дарья', 'Дорошенко', 'Александровна', '', '', '0000-00-00', NULL, 2),
(12, 1, 'Александра', 'Изварина', 'Сергеевна', '', '', '0000-00-00', NULL, 2),
(13, 1, 'Иван', 'Карпенко', 'Александрович', '', '', '0000-00-00', NULL, 1),
(14, 1, 'Юрий', 'Куцый', 'Олегович', '', '', '0000-00-00', NULL, 1),
(15, 1, 'Екатерина', 'Леготина', 'Юрьевна', '', '', '0000-00-00', NULL, 2),
(16, 1, 'Ирина', 'Лукьянова', 'Сергеевна', '', '', '0000-00-00', NULL, 2),
(17, 1, 'Василий', 'Манжола', 'Евгеньевич', '', '', '0000-00-00', NULL, 1),
(18, 1, 'Константин', 'Мирошниченко', 'Романович', '', '', '0000-00-00', NULL, 1),
(19, 1, 'Дарья', 'Науменко', 'Алексеевна', '', '', '0000-00-00', NULL, 2),
(20, 1, 'Ладамира', 'Носовцова', 'Андреевна', '', '', '0000-00-00', NULL, 2),
(21, 1, 'Данил', 'Смирнов', 'Владимирович', '', '', '0000-00-00', NULL, 1),
(22, 1, 'Максим', 'Титаренко', 'Александрович', '', '', '0000-00-00', NULL, 1),
(23, 1, 'Маргарита', 'Туманская', 'Витальевна', '', '', '0000-00-00', NULL, 2),
(24, 1, 'Михаил', 'Фишеров', 'Вадимович', '', '', '0000-00-00', NULL, 1),
(25, 1, 'Кристина', 'Чехонацкая', 'Сергеевна', '', '', '0000-00-00', NULL, 2),
(26, 2, 'Влада', 'Акимова', 'Андреевна', '', '', '0000-00-00', NULL, 2),
(27, 2, 'Анна', 'Алексеева', 'Леонидовна', '', '', '0000-00-00', NULL, 2),
(28, 2, 'Анна', 'Гринь', 'Николаевна', '', '', '0000-00-00', NULL, 2),
(29, 2, 'Елизавета', 'Захарова', 'Олеговна', '', '', '0000-00-00', NULL, 2),
(30, 2, 'Урие', 'Ибраимова', 'Исметовна', '', '', '0000-00-00', NULL, 2),
(31, 2, 'Валерия', 'Исаченко', 'Юрьевна', '', '', '0000-00-00', NULL, 2),
(32, 2, 'Татьяна', 'Капличная', 'Михайловна', '', '', '0000-00-00', NULL, 2),
(33, 2, 'Диана', 'Карташова', 'Семеновна', '', '', '0000-00-00', NULL, 2),
(34, 2, 'Валерия', 'Ковтун', 'Максимовна', '', '', '0000-00-00', NULL, 2),
(35, 2, 'Иван', 'Корсаков', 'Александрович', '', '', '0000-00-00', NULL, 1),
(36, 2, 'Филипп', 'Куликовский', 'Дарьевич', '', '', '0000-00-00', NULL, 1),
(37, 2, 'Елизавета', 'Маслова', 'Ивановна', '', '', '0000-00-00', NULL, 2),
(38, 2, 'Николай', 'Муди', 'Иванович', '', '', '0000-00-00', NULL, 1),
(39, 2, 'Валерия', 'Мукомелова', 'Николаевна', '', '', '0000-00-00', NULL, 2),
(40, 2, 'Мария', 'Подоляк', 'Александровна', '', '', '0000-00-00', NULL, 2),
(41, 2, 'Анастасия', 'Поземельных', 'Романовна', '', '', '0000-00-00', NULL, 2),
(42, 2, 'Илия', 'Попов', 'Викторович', '', '', '0000-00-00', NULL, 1),
(43, 2, 'Екатерина', 'Пряхина', 'Денисовна', '', '', '0000-00-00', NULL, 2),
(44, 2, 'Алина', 'Собканюк', 'Романовна', '', '', '0000-00-00', NULL, 2),
(45, 2, 'Мария', 'Соловьевская', 'Игоревна', '', '', '0000-00-00', NULL, 2),
(46, 2, 'Анна', 'Травина', 'Александровна', '', '', '0000-00-00', NULL, 2),
(47, 2, 'Ева', 'Трофимова', 'Дмитриевна', '', '', '0000-00-00', NULL, 2),
(48, 2, 'Севилия', 'Халиляева', 'Айдеровна', '', '', '0000-00-00', NULL, 2),
(49, 2, 'Вероника', 'Цекова', 'Павловна', '', '', '0000-00-00', NULL, 2),
(50, 2, 'Светлана', 'Щеглова', 'Сергеевна', '', '', '0000-00-00', NULL, 2),
(51, 2, 'Карина', 'Эмирова', 'Серверовна', '', '', '0000-00-00', NULL, 2),
(52, 3, 'Диана', 'Бабий', 'Васильевна', '', '', '0000-00-00', NULL, 2),
(53, 3, 'Мария', 'Волкова', 'Алексеевна', '', '', '0000-00-00', NULL, 2),
(54, 3, 'Татьяна', 'Гурьева', 'Ивановна', '', '', '0000-00-00', NULL, 2),
(55, 3, 'Мария', 'Дудченко', 'Дмитриевна', '', '', '0000-00-00', NULL, 2),
(56, 3, 'Екатерина', 'Канивец', 'Витальевна', '', '', '0000-00-00', NULL, 2),
(57, 3, 'Яна', 'Кончукова', 'Александровна', '', '', '0000-00-00', NULL, 2),
(58, 3, 'Роман', 'Кормышов', 'Геннадьевич', '', '', '0000-00-00', NULL, 1),
(59, 3, 'Айше', 'Курача', 'Джаббаровна', '', '', '0000-00-00', NULL, 2),
(60, 3, 'Анна', 'Лепова', 'Олеговна', '', '', '0000-00-00', NULL, 2),
(61, 3, 'Даниил', 'Назаров', 'Артурович', '', '', '0000-00-00', NULL, 1),
(62, 3, 'Антония', 'Панычева', 'Сергеевна', '', '', '0000-00-00', NULL, 2),
(63, 3, 'Мелиса', 'Пелеван', 'Муратовна', '', '', '0000-00-00', NULL, 2),
(64, 3, 'Эльвин', 'Рамазанов', 'Октайович', '', '', '0000-00-00', NULL, 1),
(65, 3, 'Арина', 'Седова', 'Игоревна', '', '', '0000-00-00', NULL, 2),
(66, 3, 'Урие', 'Сейтхалилова', 'Энверовна', '', '', '0000-00-00', NULL, 2),
(67, 3, 'Варвара', 'Семенова', 'Андреевна', '', '', '0000-00-00', NULL, 2),
(68, 3, 'Анна', 'Сосунович', 'Сергеевна', '', '', '0000-00-00', NULL, 2),
(69, 3, 'Дмитрий', 'Стекунов', 'Евгеньевич', '', '', '0000-00-00', NULL, 1),
(70, 3, 'Марина', 'Стеценко', 'Максимовна', '', '', '0000-00-00', NULL, 2),
(71, 3, 'Иван', 'Сукочев', 'Иванович', '', '', '0000-00-00', NULL, 1),
(72, 3, 'Владимир', 'Темный', 'Евгеньевич', '', '', '0000-00-00', NULL, 1),
(73, 3, 'Анастасия', 'Тимофеева', 'Максимовна', '', '', '0000-00-00', NULL, 2),
(74, 3, 'Ирина', 'Тиунова', 'Владимировна', '', '', '0000-00-00', NULL, 2),
(75, 3, 'Кристина', 'Щербакова', 'Сергеевна', '', '', '0000-00-00', NULL, 2),
(76, 4, 'Сергей', 'Авгитов', 'Александрович', '', '', '0000-00-00', NULL, 1),
(77, 4, 'Карина', 'Алтобасова', 'Аметовна', '', '', '0000-00-00', NULL, 2),
(78, 4, 'Эльвина', 'Арап', 'Хутумеровна', '', '', '0000-00-00', NULL, 2),
(79, 4, 'Алина', 'Бекирова', 'Артуровна', '', '', '0000-00-00', NULL, 2),
(80, 4, 'Иван', 'Бухарин', 'Михайлович', '', '', '0000-00-00', NULL, 1),
(81, 4, 'Юлия', 'Гужвинская', 'Константиновна', '', '', '0000-00-00', NULL, 2),
(82, 4, 'Анастасия', 'Исаева', 'Евгеньевна', '', '', '0000-00-00', NULL, 2),
(83, 4, 'Анна', 'Калашникова', 'Ивановна', '', '', '0000-00-00', NULL, 2),
(84, 4, 'Дарья', 'Кащенко', 'Владимировна', '', '', '0000-00-00', NULL, 2),
(85, 4, 'Виталий', 'Козачук', 'Анатольевич', '', '', '0000-00-00', NULL, 1),
(86, 4, 'Антон', 'Кот', 'Андреевич', '', '', '0000-00-00', NULL, 1),
(87, 4, 'Александра', 'Лютикова', 'Владимировна', '', '', '0000-00-00', NULL, 2),
(88, 4, 'Максим', 'Павлов', 'Александрович', '', '', '0000-00-00', NULL, 1),
(89, 4, 'Никита', 'Руденко', 'Сергеевич', '', '', '0000-00-00', NULL, 1),
(90, 4, 'Анастасия', 'Самойленко', 'Александровна', '', '', '0000-00-00', NULL, 2),
(91, 4, 'Ольга', 'Украинец', 'Михайловна', '', '', '0000-00-00', NULL, 2),
(92, 5, 'Асим', 'Абдураманов', 'Серверович', '', '', '0000-00-00', NULL, 1),
(93, 5, 'Артём', 'Агаев', 'Анатольевич', '', '', '0000-00-00', NULL, 1),
(94, 5, 'Тимур', 'Арифов', 'Эльдарович', '', '', '0000-00-00', NULL, 1),
(95, 5, 'Егор', 'Ганичев', 'Юрьевич', '', '', '0000-00-00', NULL, 1),
(96, 5, 'Даниил', 'Гординский', 'Александрович', '', '', '0000-00-00', NULL, 1),
(97, 5, 'Святослав', 'Живин', 'Андреевич', '', '', '0000-00-00', NULL, 1),
(98, 5, 'Сергей', 'Колосовский', 'Александрович', '', '', '0000-00-00', NULL, 1),
(99, 5, 'Александр', 'Котенев', 'Дмитриевич', '', '', '0000-00-00', NULL, 1),
(100, 5, 'Илья', 'Красненко', 'Владимирович', '', '', '0000-00-00', NULL, 1),
(101, 5, 'Даниил', 'Макаров', 'Дмитриевич', '', '', '0000-00-00', NULL, 1),
(102, 5, 'Юрий', 'Орлов', 'Олегович', '', '', '0000-00-00', NULL, 1),
(103, 5, 'Артем', 'Пастушков', 'Дмитриевич', '', '', '0000-00-00', NULL, 1),
(104, 5, 'Виктория', 'Погребная', 'Дмитриевна', '', '', '0000-00-00', NULL, 2),
(105, 5, 'Антон', 'Руденко', 'Олегович', '', '', '0000-00-00', NULL, 1),
(106, 5, 'Виктория', 'Руденко', 'Олеговна', '', '', '0000-00-00', NULL, 2),
(107, 5, 'Иван', 'Самбур', 'Иванович', '', '', '0000-00-00', NULL, 1),
(108, 5, 'Николай', 'Ткаченко', 'Алексеевич', '', '', '0000-00-00', NULL, 1),
(109, 5, 'Иван', 'Хлебцов', 'Дмитриевич', '', '', '0000-00-00', NULL, 1),
(110, 5, 'Егор', 'Филатов', 'Васильевич', '', '', '0000-00-00', NULL, 1),
(111, 5, 'Усеин', 'Шабанов', 'Эскандерович', '', '', '0000-00-00', NULL, 1),
(112, 5, 'Алексей', 'Шацило', 'Дмитриевич', '', '', '0000-00-00', NULL, 1),
(113, 5, 'Алексей', 'Яблоков', 'Юрьевич', '', '', '0000-00-00', NULL, 1),
(114, 6, 'Денис', 'Артюхов', 'Анатольевич', '', '', '0000-00-00', NULL, 1),
(115, 6, 'Михаил', 'Горбиков', 'Андреевич', '', '', '0000-00-00', NULL, 1),
(116, 6, 'Николай', 'Журавлёв', 'Александрович', '', '', '0000-00-00', NULL, 1),
(117, 6, 'Олег', 'Зюбин', 'Владимирович', '', '', '0000-00-00', NULL, 1),
(118, 6, 'Олег', 'Карпенко', 'Александрович', '', '', '0000-00-00', NULL, 1),
(119, 6, 'Игорь', 'Коврига', 'Игоревич', '', '', '0000-00-00', NULL, 1),
(120, 6, 'Кирилл', 'Косюк', 'Андреевич', '', '', '0000-00-00', NULL, 1),
(121, 6, 'Анна', 'Кравченко', 'Сергеевна', '', '', '0000-00-00', NULL, 2),
(122, 6, 'Никита', 'Кузнецов', 'Алексеевич', '', '', '0000-00-00', NULL, 1),
(123, 6, 'Эльчин', 'Мехтиев', 'Эльханович', '', '', '0000-00-00', NULL, 1),
(124, 6, 'Дмитрий', 'Москалев', 'Сергеевич', '', '', '0000-00-00', NULL, 1),
(125, 6, 'Ростислав', 'Неяченко', 'Александрович', '', '', '0000-00-00', NULL, 1),
(126, 6, 'Владислав', 'Пашкевич', 'Алексеевич', '', '', '0000-00-00', NULL, 1),
(127, 6, 'Эмир', 'Рамазанов', 'Ильясович', '', '', '0000-00-00', NULL, 1),
(128, 6, 'Никита', 'Руденко', 'Игоревич', '', '', '0000-00-00', NULL, 1),
(129, 6, 'Анастасия', 'Сороколит', 'Андреевна', '', '', '0000-00-00', NULL, 2),
(130, 6, 'Артём', 'Филиппов', 'Эдуардович', '', '', '0000-00-00', NULL, 1),
(131, 6, 'Сергей', 'Цапенко', 'Сергеевич', '', '', '0000-00-00', NULL, 1),
(132, 6, 'Юрий', 'Чередников', 'Геннадьевич', '', '', '0000-00-00', NULL, 1),
(133, 6, 'Сергей', 'Шкуридин', 'Сергееви', '', '', '0000-00-00', NULL, 1),
(134, 6, 'Руслан', 'Шубин', 'Алексеевич', '', '', '0000-00-00', NULL, 1),
(135, 6, 'Данил', 'Щербинин', 'Александрович', '', '', '0000-00-00', NULL, 1),
(136, 7, 'Тамара', 'Авалишвили', 'Геннадьевна', '', '', '0000-00-00', NULL, 2),
(137, 7, 'Адель', 'Балабанова', 'Рустемовна', '', '', '0000-00-00', NULL, 2),
(138, 7, 'Алексей', 'Бондарь', 'Владимирович', '', '', '0000-00-00', NULL, 1),
(139, 7, 'Денис', 'Вавилон', 'Иванович', '', '', '0000-00-00', NULL, 1),
(140, 7, 'София', 'Винник', 'Александровна', '', '', '0000-00-00', NULL, 2),
(141, 7, 'Алина', 'Горанова', 'Владимировна', '', '', '0000-00-00', NULL, 2),
(142, 7, 'Игорь', 'Демченко', 'Александрович', '', '', '0000-00-00', NULL, 1),
(143, 7, 'Александра', 'Зайцева', 'Юрьевна', '', '', '0000-00-00', NULL, 2),
(144, 7, 'Тамерлан', 'Камалов', 'Рустамович', '', '', '0000-00-00', NULL, 1),
(145, 7, 'Игорь', 'Кудинов', 'Александрович', '', '', '0000-00-00', NULL, 1),
(146, 7, 'Ростислав', 'Кузевич', 'Александрович', '', '', '0000-00-00', NULL, 1),
(147, 7, 'Никита', 'Лущан', 'Андреевич', '', '', '0000-00-00', NULL, 1),
(148, 7, 'Данил', 'Манойло', 'Павлович', '', '', '0000-00-00', NULL, 1),
(149, 7, 'Кирилл', 'Матлашов', 'Александрович', '', '', '0000-00-00', NULL, 1),
(150, 7, 'Елизавета', 'Михаленко', 'Сергеевна', '', '', '0000-00-00', NULL, 2),
(151, 7, 'Александр', 'Панченко', 'Юрьевич', '', '', '0000-00-00', NULL, 1),
(152, 7, 'Алина', 'Пащенко', 'Романовна', '', '', '0000-00-00', NULL, 2),
(153, 7, 'Мария', 'Позднякова', 'Сергеевна', '', '', '0000-00-00', NULL, 2),
(154, 7, 'Вероника', 'Свергун', 'Максимовна', '', '', '0000-00-00', NULL, 2),
(155, 7, 'Светлана', 'Свидерская', 'Сергеевна', '', '', '0000-00-00', NULL, 2),
(156, 7, 'София', 'Сорока', 'Викторовна', '', '', '0000-00-00', NULL, 2),
(157, 7, 'Александра', 'Степанова', 'Олеговна', '', '', '0000-00-00', NULL, 2),
(158, 7, 'Ирина', 'Чемерис', 'Павловна', '', '', '0000-00-00', NULL, 2),
(159, 7, 'Никита', 'Черкашин', 'Андреевич', '', '', '0000-00-00', NULL, 1),
(160, 8, 'Эльвиз', 'Абдиль', 'Эльдарович', '', '', '0000-00-00', NULL, 1),
(161, 8, 'Александр', 'Амчиславский', 'Игоревич', '', '', '0000-00-00', NULL, 1),
(162, 8, 'Алексей', 'Андрейчук', 'Николаевич', '', '', '0000-00-00', NULL, 1),
(163, 8, 'Тамерлан', 'Аскеров', 'Асиманович', '', '', '0000-00-00', NULL, 1),
(164, 8, 'Кирилл', 'Белых', 'Денисович', '', '', '0000-00-00', NULL, 1),
(165, 8, 'Михаил', 'Васильев', 'Сергеевич', '', '', '0000-00-00', NULL, 1),
(166, 8, 'Данил', 'Герасимов', 'Игоревич', '', '', '0000-00-00', NULL, 1),
(167, 8, 'Никита', 'Ким', 'Владиславович', '', '', '0000-00-00', NULL, 1),
(168, 8, 'Сергей', 'Колченко', 'Владимирович', '', '', '0000-00-00', NULL, 1),
(169, 8, 'Иван', 'Костиков', 'Александрович', '', '', '0000-00-00', NULL, 1),
(170, 8, 'Анастасия', 'Логвиновская', 'Ивановна', '', '', '0000-00-00', NULL, 2),
(171, 8, 'Никас', 'Медведев', 'Николаевич', '', '', '0000-00-00', NULL, 1),
(172, 8, 'Эмир', 'Мисиратов', 'Али', '', '', '0000-00-00', NULL, 1),
(173, 8, 'Роман', 'Мостовлюк', 'Александрович', '', '', '0000-00-00', NULL, 1),
(174, 8, 'Алёна', 'Неруш', 'Викторовна', '', '', '0000-00-00', NULL, 2),
(175, 8, 'Иван', 'Павлюченко', 'Вячеславович', '', '', '0000-00-00', NULL, 1),
(176, 8, 'Никита', 'Пензев', 'Иванович', '', '', '0000-00-00', NULL, 1),
(177, 8, 'Анна', 'Сафончик', 'Вячеславовна', '', '', '0000-00-00', NULL, 2),
(178, 8, 'Семён', 'Соловьев', 'Сергеевич', '', '', '0000-00-00', NULL, 1),
(179, 8, 'Анастасия', 'Трапезникова', 'Валерьевна', '', '', '0000-00-00', NULL, 2),
(180, 8, 'Артём', 'Фандеев', 'Дмитриевич', '', '', '0000-00-00', NULL, 1),
(181, 8, 'Всеволод', 'Филатов', 'Евгеньевич', '', '', '0000-00-00', NULL, 1),
(182, 8, 'Юлия', 'Хомячук', 'Сергеевна', '', '', '0000-00-00', NULL, 2),
(183, 8, 'Дмитрий', 'Чемеков', 'Олегович', '', '', '0000-00-00', NULL, 1),
(184, 8, 'Ярослав', 'Члек', 'Сергеевич', '', '', '0000-00-00', NULL, 1),
(185, 8, 'Богдан', 'Якимов', 'Станиславович', '', '', '0000-00-00', NULL, 1),
(186, 8, 'Александр', 'Яценко', 'Николаевич', '', '', '0000-00-00', NULL, 1),
(187, 9, 'Тимур', 'Аметов', 'Усман', '', '', '0000-00-00', NULL, 1),
(188, 9, 'Артем', 'Андриасян', 'Суренович', '', '', '0000-00-00', NULL, 1),
(189, 9, 'Артём', 'Белоусов', 'Игоревич', '', '', '0000-00-00', NULL, 1),
(190, 9, 'Дмитрий', 'Бурханов', 'Олегович', '', '', '0000-00-00', NULL, 1),
(191, 9, 'Егор', 'Веклич', 'Александрович', '', '', '0000-00-00', NULL, 1),
(192, 9, 'Ульяна', 'Воробьёва', 'Владимировна', '', '', '0000-00-00', NULL, 2),
(193, 9, 'Роман', 'Григорян', 'Дмитриевич', '', '', '0000-00-00', NULL, 1),
(194, 9, 'Нариман', 'Ибриш', 'Эрнесович', '', '', '0000-00-00', NULL, 1),
(195, 9, 'Виктория', 'Карнаухова', 'Витальевна', '', '', '0000-00-00', NULL, 2),
(196, 9, 'Руслан', 'Колесников', 'Романович', '', '', '0000-00-00', NULL, 1),
(197, 9, 'Даниил', 'Котляр', 'Евгеньевич', '', '', '0000-00-00', NULL, 1),
(198, 9, 'Вельдан', 'Люманов', 'Эрнестович', '', '', '0000-00-00', NULL, 1),
(199, 9, 'Никита', 'Мигаль', 'Евгеньевич', '', '', '0000-00-00', NULL, 1),
(200, 9, 'Ксения', 'Молочковская', 'Леонидовна', '', '', '0000-00-00', NULL, 2),
(201, 9, 'Кирилл', 'Назаров', 'Олегович', '', '', '0000-00-00', NULL, 1),
(202, 9, 'Олег', 'Окатьев', 'Анатольевич', '', '', '0000-00-00', NULL, 1),
(203, 9, 'Максим', 'Пантюшенков', 'Русланович', '', '', '0000-00-00', NULL, 1),
(204, 9, 'Евгения', 'Попович', 'Вячеславовна', '', '', '0000-00-00', NULL, 2),
(205, 9, 'Евгений', 'Пышненко', 'Игоревич', '', '', '0000-00-00', NULL, 1),
(206, 9, 'Андрей', 'Саенко', 'Николаевич', '', '', '0000-00-00', NULL, 1),
(207, 9, 'Руслан', 'Федько', 'Диляверович', '', '', '0000-00-00', NULL, 1),
(208, 9, 'Эльвис', 'Усмонов', 'Ришадович', '', '', '0000-00-00', NULL, 1),
(209, 9, 'Виталий', 'Хлистов', 'Федорович', '', '', '0000-00-00', NULL, 1),
(210, 9, 'Антон', 'Черакаев', 'Александрович', '', '', '0000-00-00', NULL, 1),
(211, 9, 'Владислав', 'Чечевицкий', 'Алексеевич', '', '', '0000-00-00', NULL, 1),
(212, 9, 'Василий', 'Шабашов', 'Андреевич', '', '', '0000-00-00', NULL, 1),
(213, 9, 'Вадим', 'Шушковский', 'Владимирович', '', '', '0000-00-00', NULL, 1),
(214, 10, 'Дарья', 'Баталина', 'Александровна', '', '', '0000-00-00', NULL, 2),
(215, 10, 'Даниил', 'Богунь', 'Андреевич', '', '', '0000-00-00', NULL, 1),
(216, 10, 'Софья', 'Дзигунская', 'Витальевна', '', '', '0000-00-00', NULL, 2),
(217, 10, 'Валерия', 'Еремеева', 'Анатольевна', '', '', '0000-00-00', NULL, 2),
(218, 10, 'Анастасия', 'Козакевич', 'Игоревна', '', '', '0000-00-00', NULL, 2),
(219, 10, 'Алёна', 'Кривонос', 'Сергеевна', '', '', '0000-00-00', NULL, 2),
(220, 10, 'Эмиль', 'Култаев', 'Сагер', '', '', '0000-00-00', NULL, 1),
(221, 10, 'Ксения', 'Левченко', 'Романовна', '', '', '0000-00-00', NULL, 2),
(222, 10, 'Александра', 'Лементовская', 'Алексеевна', '', '', '0000-00-00', NULL, 2),
(223, 10, 'Анастасия', 'Малец', 'Алексеевна', '', '', '0000-00-00', NULL, 2),
(224, 10, 'Татьяна', 'Новокрещенова', 'Дмитриевна', '', '', '0000-00-00', NULL, 2),
(225, 10, 'Полина', 'Павлюк', 'Игоревна', '', '', '0000-00-00', NULL, 2),
(226, 10, 'Вячеслав', 'Пашев', 'Ильич', '', '', '0000-00-00', NULL, 1),
(227, 10, 'Тамара', 'Похиленко', 'Артемовна', '', '', '0000-00-00', NULL, 2),
(228, 10, 'Елизавета', 'Ракша', 'Олеговна', '', '', '0000-00-00', NULL, 2),
(229, 10, 'Мирослав', 'Резник', 'Владимирович', '', '', '0000-00-00', NULL, 1),
(230, 10, 'Ясна', 'Росная', 'Добросветовна', '', '', '0000-00-00', NULL, 2),
(231, 10, 'Светлана', 'Сапункова', 'Григорьевна', '', '', '0000-00-00', NULL, 2),
(232, 10, 'Диана', 'Ткаченко', 'Алексеевна', '', '', '0000-00-00', NULL, 2),
(233, 10, 'Мария', 'Цымбал', 'Александровна', '', '', '0000-00-00', NULL, 2),
(234, 10, 'Вероника', 'Чекмарёва', 'Андреевна', '', '', '0000-00-00', NULL, 2),
(235, 10, 'Юлия', 'Шумакова', 'Павловна', '', '', '0000-00-00', NULL, 2),
(236, 10, 'Риза', 'Якубов', 'Лимарович', '', '', '0000-00-00', NULL, 1),
(237, 11, 'Даниил', 'Андроник', 'Юревич', '', '', '0000-00-00', NULL, 1),
(238, 11, 'Алена', 'Алябьева', 'Сергеевна', '', '', '0000-00-00', NULL, 2),
(239, 11, 'Владислав', 'Бризицкий', 'Геннадьевич', '', '', '0000-00-00', NULL, 1),
(240, 11, 'Марина', 'Булавина', 'Вадимовна', '', '', '0000-00-00', NULL, 2),
(241, 11, 'Себия', 'Дрожкина', 'Эбазеровна', '', '', '0000-00-00', NULL, 2),
(242, 11, 'Валерия', 'Дронжек', 'Юрьевна', '', '', '0000-00-00', NULL, 2),
(243, 11, 'Алина', 'Кокун', 'Владимировна', '', '', '0000-00-00', NULL, 2),
(244, 11, 'Родион', 'Куинджи', 'Дмитриевич', '', '', '0000-00-00', NULL, 1),
(245, 11, 'Диана', 'Макухина', 'Сергеевна', '', '', '0000-00-00', NULL, 2),
(246, 11, 'Ева', 'Милосердова', 'Сергеевна', '', '', '0000-00-00', NULL, 2),
(247, 11, 'Ева', 'Мурадян', 'Теймуразовна', '', '', '0000-00-00', NULL, 2),
(248, 11, 'Ольга', 'Папирова', 'Юрьевна', '', '', '0000-00-00', NULL, 2),
(249, 11, 'Полина', 'Петрова', 'Александровна', '', '', '0000-00-00', NULL, 2),
(250, 11, 'Екатерина', 'Пивко', 'Сергеевна', '', '', '0000-00-00', NULL, 2),
(251, 11, 'Вероника', 'Соловьёва', 'Олеговна', '', '', '0000-00-00', NULL, 2),
(252, 11, 'Юлия', 'Сосова', 'Витальевна', '', '', '0000-00-00', NULL, 2),
(253, 11, 'Альбина', 'Тимошенко', 'Романовна', '', '', '0000-00-00', NULL, 2),
(254, 11, 'Александра', 'Федосеева', 'Дмитриевна', '', '', '0000-00-00', NULL, 2),
(255, 11, 'Ксения', 'Хабловская', 'Павловна', '', '', '0000-00-00', NULL, 2),
(256, 11, 'Александр', 'Хмель', 'Юрьевич', '', '', '0000-00-00', NULL, 1),
(257, 11, 'Анастасия', 'Шевчук', 'Алексеевна', '', '', '0000-00-00', NULL, 2),
(258, 12, 'Александра', 'Власенко', 'Олеговна', '', '', '0000-00-00', NULL, 2),
(259, 12, 'Усние', 'Гусейнова', 'Рустемова', '', '', '0000-00-00', NULL, 2),
(260, 12, 'Илья', 'Дзикович', 'Андреевич', '', '', '0000-00-00', NULL, 1),
(261, 12, 'Юлия', 'Дудник', 'Александровна', '', '', '0000-00-00', NULL, 2),
(262, 12, 'Ление', 'Ибрагимова', 'Ризаевна', '', '', '0000-00-00', NULL, 2),
(263, 12, 'Родион', 'Каркин', 'Игоревич', '', '', '0000-00-00', NULL, 1),
(264, 12, 'Диана', 'Мухарамова', 'Маликовна', '', '', '0000-00-00', NULL, 2),
(265, 12, 'Наталья', 'Николаенко', 'Олеговна', '', '', '0000-00-00', NULL, 2),
(266, 12, 'Виолетта', 'Ниценко', 'Евгеньевна', '', '', '0000-00-00', NULL, 2),
(267, 12, 'Арина', 'Ногина', 'Сергеевна', '', '', '0000-00-00', NULL, 2),
(268, 12, 'Елизавета', 'Першина', 'Александровна', '', '', '0000-00-00', NULL, 2),
(269, 12, 'Лидия', 'Потехина', 'Юрьевна', '', '', '0000-00-00', NULL, 2),
(270, 12, 'Валерия', 'Пузанова', 'Сергеевна', '', '', '0000-00-00', NULL, 2),
(271, 12, 'Николай', 'Репях', 'Игоревич', '', '', '0000-00-00', NULL, 1),
(272, 12, 'Яна', 'Самик', 'Кирилловна', '', '', '0000-00-00', NULL, 2),
(273, 12, 'Юлия', 'Сокирко', 'Александровна', '', '', '0000-00-00', NULL, 2),
(274, 12, 'Виолетта', 'Суровицкая', 'Александровна', '', '', '0000-00-00', NULL, 2),
(275, 12, 'Ольга', 'Хайбуллаева', 'Анатольевна', '', '', '0000-00-00', NULL, 2),
(276, 12, 'Екатерина', 'Чегель', 'Витальевна', '', '', '0000-00-00', NULL, 2),
(277, 12, 'Виолетта', 'Черненко', 'Александровна', '', '', '0000-00-00', NULL, 2),
(278, 12, 'Данил', 'Шилов', 'Евгеньевич', '', '', '0000-00-00', NULL, 1),
(279, 13, 'Татьяна', 'Герасимович', 'Владимировна', '', '', '0000-00-00', NULL, 2),
(280, 13, 'Дарья', 'Грибенникова', 'Александровна', '', '', '0000-00-00', NULL, 2),
(281, 13, 'Дарья', 'Дмитриева', 'Владимировна', '', '', '0000-00-00', NULL, 2),
(282, 13, 'Екатерина', 'Добровольская', 'Сергеевна', '', '', '0000-00-00', NULL, 2),
(283, 13, 'Елизавета', 'Ермаковец', 'Алексеевна', '', '', '0000-00-00', NULL, 2),
(284, 13, 'Валерия', 'Коваль', 'Юрьевна', '', '', '0000-00-00', NULL, 2),
(285, 13, 'Марина', 'Кормильцева', 'Константиновна', '', '', '0000-00-00', NULL, 2),
(286, 13, 'Мария', 'Костромина', 'Ивановна', '', '', '0000-00-00', NULL, 2),
(287, 13, 'София', 'Котенко', 'Феликсовна', '', '', '0000-00-00', NULL, 2),
(288, 13, 'Александр', 'Кузин', 'Вадимович', '', '', '0000-00-00', NULL, 1),
(289, 13, 'Егор', 'Лещинский', 'Валерьевич', '', '', '0000-00-00', NULL, 1),
(290, 13, 'Сергей', 'Лукашов', 'Олегович', '', '', '0000-00-00', NULL, 1),
(291, 13, 'Шевхие', 'Мамутова', 'Алиевна', '', '', '0000-00-00', NULL, 2),
(292, 13, 'Анна', 'Микулина', 'Андреевн', '', '', '0000-00-00', NULL, 2),
(293, 13, 'Марина', 'Москалёва', 'Русланова', '', '', '0000-00-00', NULL, 2),
(294, 13, 'Диана', 'Мусаева', 'Викторовна', '', '', '0000-00-00', NULL, 2),
(295, 13, 'Никита', 'Олянчук', 'Игоревич', '', '', '0000-00-00', NULL, 1),
(296, 13, 'Олег', 'Платонов', 'Михайлович', '', '', '0000-00-00', NULL, 1),
(297, 13, 'Алена', 'Репич', 'Андреевна', '', '', '0000-00-00', NULL, 2),
(298, 13, 'Виктория', 'Скворцова', 'Алексеевна', '', '', '0000-00-00', NULL, 2),
(299, 13, 'Наталья', 'Старченко', 'Андреевна', '', '', '0000-00-00', NULL, 2),
(300, 13, 'Олег', 'Цурко', 'Юрьевич', '', '', '0000-00-00', NULL, 1),
(301, 13, 'Руслан', 'Чолах', 'Рамазанович', '', '', '0000-00-00', NULL, 1),
(302, 13, 'Александр', 'Шрайер', 'Александрович', '', '', '0000-00-00', NULL, 1),
(303, 14, 'Вера', 'Баркар', 'Викторовна', '', '', '0000-00-00', NULL, 2),
(304, 14, 'Екатерина', 'Бахарева', 'Игоревна', '', '', '0000-00-00', NULL, 2),
(305, 14, 'Марлен', 'Бештиев', 'Лендарович', '', '', '0000-00-00', NULL, 1),
(306, 14, 'Арина', 'Геворкян', 'Аршаковна', '', '', '0000-00-00', NULL, 2),
(307, 14, 'Ангелина', 'Горбачева', 'Витальевна', '', '', '0000-00-00', NULL, 2),
(308, 14, 'Анастасия', 'Гринчук', 'Владимировна', '', '', '0000-00-00', NULL, 2),
(309, 14, 'Ярослав', 'Дмитриев', 'Кириллович', '', '', '0000-00-00', NULL, 1),
(310, 14, 'Евгения', 'Кулакова', 'Дмитриевна', '', '', '0000-00-00', NULL, 2),
(311, 14, 'Ева', 'Медведева', 'Викторовна', '', '', '0000-00-00', NULL, 2),
(312, 14, 'Владимир', 'Новиков', 'Андреевич', '', '', '0000-00-00', NULL, 1),
(313, 14, 'Анна', 'Походенко', 'Александровна', '', '', '0000-00-00', NULL, 2),
(314, 14, 'Елена', 'Тарабаркина', 'Романовна', '', '', '0000-00-00', NULL, 2),
(315, 15, 'Даниил', 'Андрусёв', 'Викторович', '', '', '0000-00-00', NULL, 1),
(316, 15, 'Арсен', 'Аргинский', 'Алимгиреевич', '', '', '0000-00-00', NULL, 1),
(317, 15, 'Александр', 'Бас', 'Александрович', '', '', '0000-00-00', NULL, 1),
(318, 15, 'Анатолий', 'Глебов', 'Алексеевич', '', '', '0000-00-00', NULL, 1),
(319, 15, 'Александр', 'Горпинчук', 'Владимирович', '', '', '0000-00-00', NULL, 1),
(320, 15, 'Игорь', 'Греховод', 'Евгеньевич', '', '', '0000-00-00', NULL, 1),
(321, 15, 'Даниил', 'Дрожжин', 'Сергеевич', '', '', '0000-00-00', NULL, 1),
(322, 15, 'Елизавета', 'Дроздова', 'Александровна', '', '', '0000-00-00', NULL, 2),
(323, 15, 'Игорь', 'Загороднюк', 'Николаевич', '', '', '0000-00-00', NULL, 1),
(324, 15, 'Родион', 'Захарин', 'Владимирович', '', '', '0000-00-00', NULL, 1),
(325, 15, 'Мухаммед', 'Ислямов', 'Эгатович', '', '', '0000-00-00', NULL, 1),
(326, 15, 'Олег', 'Коваленко', 'Русланович', '', '', '0000-00-00', NULL, 1),
(327, 15, 'Денис', 'Комишан', 'Павлович', '', '', '0000-00-00', NULL, 1),
(328, 15, 'Алексей', 'Костелов', 'Михайлович', '', '', '0000-00-00', NULL, 1),
(329, 15, 'Дмитрий', 'Кузнецов', 'Леонидович', '', '', '0000-00-00', NULL, 1),
(330, 15, 'Андрей', 'Ломакин', 'Ильич', '', '', '0000-00-00', NULL, 1),
(331, 15, 'Виталий', 'Мочалов', 'Андреевич', '', '', '0000-00-00', NULL, 1),
(332, 15, 'Алексей', 'Панов', 'Юрьевич', '', '', '0000-00-00', NULL, 1),
(333, 15, 'Артем', 'Самошкин', 'Андреевич', '', '', '0000-00-00', NULL, 1),
(334, 15, 'Виталий', 'Сенатов', 'Сергеевич', '', '', '0000-00-00', NULL, 1),
(335, 15, 'Максим', 'Терехов', 'Николаевич', '', '', '0000-00-00', NULL, 1),
(336, 15, 'Ростислав', 'Фасий', 'Александрович', '', '', '0000-00-00', NULL, 1),
(337, 15, 'Александра', 'Шарая', 'Денисовна', '', '', '0000-00-00', NULL, 2),
(338, 16, 'Илья', 'Адлер', 'Валерьевич', '', '', '0000-00-00', NULL, 1),
(339, 16, 'Артем', 'Антюшин', 'Андреевич', '', '', '0000-00-00', NULL, 1),
(340, 16, 'Арсен', 'Асанов', 'Эльдарович', '', '', '0000-00-00', NULL, 1),
(341, 16, 'Илья', 'Белоус', 'Эдуардович', '', '', '0000-00-00', NULL, 1),
(342, 16, 'Александр', 'Васильев', 'Андреевич', '', '', '0000-00-00', NULL, 1),
(343, 16, 'Максим', 'Волков', 'Игоревич', '', '', '0000-00-00', NULL, 1),
(344, 16, 'Алексей', 'Глуховский', 'Ричардович', '', '', '0000-00-00', NULL, 1),
(345, 16, 'Егор', 'Гремайлов', 'Сергеевич', '', '', '0000-00-00', NULL, 1),
(346, 16, 'Амет', 'Джемилов', 'Рефатович', '', '', '0000-00-00', NULL, 1),
(347, 16, 'Ангелина', 'Захарова', 'Дмитриевна', '', '', '0000-00-00', NULL, 2),
(348, 16, 'Неби', 'Зинединов', 'Сейтнабиевич', '', '', '0000-00-00', NULL, 1),
(349, 16, 'Антон', 'Качур', 'Михайлович', '', '', '0000-00-00', NULL, 1),
(350, 16, 'Валентин', 'Лашутин', 'Евгеньевич', '', '', '0000-00-00', NULL, 1),
(351, 16, 'Лаура', 'Мельникова', 'Витальевна', '', '', '0000-00-00', NULL, 2),
(352, 16, 'Селим', 'Муртазаев', 'Рудемович', '', '', '0000-00-00', NULL, 1),
(353, 16, 'Данил', 'Оловянников', 'Владимирович', '', '', '0000-00-00', NULL, 1),
(354, 16, 'Веис', 'Османов', 'Сейранович', '', '', '0000-00-00', NULL, 1),
(355, 16, 'Вадим', 'Петров', 'Антонович', '', '', '0000-00-00', NULL, 1),
(356, 16, 'Ярослав', 'Седунов', 'Сергеевич', '', '', '0000-00-00', NULL, 1),
(357, 16, 'Дмитрий', 'Сторожев', 'Алексеевич', '', '', '0000-00-00', NULL, 1),
(358, 16, 'Александр', 'Стрелецкий', 'Сергеевич', '', '', '0000-00-00', NULL, 1),
(359, 16, 'Изет', 'Умеров', 'Расимович', '', '', '0000-00-00', NULL, 1),
(360, 16, 'Максим', 'Фром', 'Сергеевич', '', '', '0000-00-00', NULL, 1),
(361, 16, 'Александр', 'Шрайер', 'Александрович', '', '', '0000-00-00', NULL, 1),
(362, 17, 'Даниил', 'Валюженич', 'Владиславович', '', '', '0000-00-00', NULL, 1),
(363, 17, 'Даниил', 'Гущин', 'Маратович', '', '', '0000-00-00', NULL, 1),
(364, 17, 'Анастасия', 'Дудка', 'Александровна', '', '', '0000-00-00', NULL, 2),
(365, 17, 'Янина', 'Ерёменко', 'Александровна', '', '', '0000-00-00', NULL, 2),
(366, 17, 'Александр', 'Журочко', 'Дмитриевич', '', '', '0000-00-00', NULL, 1),
(367, 17, 'Никита', 'Замураев', 'Алексеевич', '', '', '0000-00-00', NULL, 1),
(368, 17, 'Роман', 'Заньков', 'Юрьевич', '', '', '0000-00-00', NULL, 1),
(369, 17, 'Владимир', 'Мазура', 'Михайлович', '', '', '0000-00-00', NULL, 1),
(370, 17, 'Андрей', 'Михеенко', 'Сергеевич', '', '', '0000-00-00', NULL, 1),
(371, 17, 'Татьяна', 'Ревера', 'Юрьевна', '', '', '0000-00-00', NULL, 2),
(372, 17, 'Валерия', 'Репина', 'Геннадиевна', '', '', '0000-00-00', NULL, 2),
(373, 17, 'Медина', 'Рошан', 'Малековна', '', '', '0000-00-00', NULL, 2),
(374, 17, 'Даниил', 'Семенов', 'Вячеславович', '', '', '0000-00-00', NULL, 1),
(375, 17, 'Алина', 'Стойко', 'Сергеевна', '', '', '0000-00-00', NULL, 2),
(376, 17, 'Артур', 'Таиров', 'Дляверович', '', '', '0000-00-00', NULL, 1),
(377, 17, 'Илья', 'Титенко', 'Александрович', '', '', '0000-00-00', NULL, 1),
(378, 17, 'Наталья', 'Ченакал', 'Андреевна', '', '', '0000-00-00', NULL, 2),
(379, 17, 'Марьям', 'Шадиева', 'Азаматовна', '', '', '0000-00-00', NULL, 2),
(380, 17, 'Александр', 'Шишко', 'Андреевич', '', '', '0000-00-00', NULL, 1),
(381, 18, 'Сабе', 'Аблаева', 'Шерфе Серверовна', '', '', '0000-00-00', NULL, 2),
(382, 18, 'Алексей', 'Агаев', 'Алексеевич', '', '', '0000-00-00', NULL, 1),
(383, 18, 'Камиль', 'Асанов', 'Арсенович', '', '', '0000-00-00', NULL, 1),
(384, 18, 'Михаил', 'Балков', 'Сергеевич', '', '', '0000-00-00', NULL, 1),
(385, 18, 'Денис', 'Барабаш', 'Андреевич', '', '', '0000-00-00', NULL, 1),
(386, 18, 'Денис', 'Борисенко', 'Андреевич', '', '', '0000-00-00', NULL, 1),
(387, 18, 'Ярослав', 'Букин', 'Иванович', '', '', '0000-00-00', NULL, 1),
(388, 18, 'Виталий', 'Волков', 'Олегович', '', '', '0000-00-00', NULL, 1),
(389, 18, 'Игорь', 'Жук', 'Андреевич', '', '', '0000-00-00', NULL, 1),
(390, 18, 'Алишер', 'Каримходжаев', 'Равшанович', '', '', '0000-00-00', NULL, 1),
(391, 18, 'Богдан', 'Коломинский', 'Львович', '', '', '0000-00-00', NULL, 1),
(392, 18, 'Владислав', 'Масалитин', 'Владимирович', '', '', '0000-00-00', NULL, 1),
(393, 18, 'Руслан', 'Морозов', 'Николаевич', '', '', '0000-00-00', NULL, 1),
(394, 18, 'Александр', 'Никоноров', 'Юрьевич', '', '', '0000-00-00', NULL, 1),
(395, 18, 'Людмила', 'Новикова', 'Александровна', '', '', '0000-00-00', NULL, 2),
(396, 18, 'Ольга', 'Остапчук', 'Владимировна', '', '', '0000-00-00', NULL, 2),
(397, 18, 'Екатерина', 'Перевалова', 'Александровна', '', '', '0000-00-00', NULL, 2),
(398, 18, 'Илья', 'Пугачёв', 'Янович', '', '', '0000-00-00', NULL, 1),
(399, 18, 'Александр', 'Рыжик', 'Сергеевич', '', '', '0000-00-00', NULL, 1),
(400, 18, 'Максим', 'Савин', 'Федорович', '', '', '0000-00-00', NULL, 1),
(401, 18, 'Алексей', 'Сазонов', 'Сергеевич', '', '', '0000-00-00', NULL, 1),
(402, 18, 'Анастасия', 'Стунжина', 'Борисовна', '', '', '0000-00-00', NULL, 2),
(403, 18, 'Сергей', 'Сухобоков', 'Викторович', '', '', '0000-00-00', NULL, 1),
(404, 18, 'Мария', 'Татош', 'Дмитриевна', '', '', '0000-00-00', NULL, 2),
(405, 18, 'Екатерина', 'Троценко', 'Сергеевна', '', '', '0000-00-00', NULL, 2),
(406, 18, 'Вадим', 'Феофанов', 'Владимирович', '', '', '0000-00-00', NULL, 1),
(407, 18, 'Денис', 'Шемчук', 'Анатольевич', '', '', '0000-00-00', NULL, 1),
(408, 19, 'Артем', 'Антонов', 'Сергеевич', '', '', '0000-00-00', NULL, 1),
(409, 19, 'Тимур', 'Асанов', 'Расимович', '', '', '0000-00-00', NULL, 1),
(410, 19, 'Никита', 'Белавин', 'Андреевич', '', '', '0000-00-00', NULL, 1),
(411, 19, 'Георгий', 'Береговой', 'Алексеевич', '', '', '0000-00-00', NULL, 1),
(412, 19, 'Наталья', 'Буякевич', 'Юрьевна', '', '', '0000-00-00', NULL, 2),
(413, 19, 'Михаил', 'Гордецкий', 'Витальевич', '', '', '0000-00-00', NULL, 1),
(414, 19, 'Илья', 'Ермаковец', 'Алексеевич', '', '', '0000-00-00', NULL, 1),
(415, 19, 'Иван', 'Казорин', 'Александрович', '', '', '0000-00-00', NULL, 1),
(416, 19, 'Максим', 'Каушан', 'Алексеевич', '', '', '0000-00-00', NULL, 1),
(417, 19, 'Станислав', 'Ким', 'Алексеевич', '', '', '0000-00-00', NULL, 1),
(418, 19, 'Карина', 'Лажевская', 'Сергеевна', '', '', '0000-00-00', NULL, 2),
(419, 19, 'Андрей', 'Лапаев', 'Владимирович', '', '', '0000-00-00', NULL, 1),
(420, 19, 'Даниил', 'Миронюк', 'Игоревич', '', '', '0000-00-00', NULL, 1),
(421, 19, 'Владислав', 'Морозов', 'Андреевич', '', '', '0000-00-00', NULL, 1),
(422, 19, 'Мария', 'Назарук', 'Владимировна', '', '', '0000-00-00', NULL, 2),
(423, 19, 'Арсен', 'Одабаши', 'Маметович', '', '', '0000-00-00', NULL, 1),
(424, 19, 'Александра', 'Пахолкина', 'Алексеевна', '', '', '0000-00-00', NULL, 2),
(425, 19, 'Юрий', 'Пожиганов', 'Александрович', '', '', '0000-00-00', NULL, 1),
(426, 19, 'Лев', 'Радельчук', 'Константинович', '', '', '0000-00-00', NULL, 1),
(427, 19, 'Екатерина', 'Сабирова', 'Алексеевна', '', '', '0000-00-00', NULL, 2),
(428, 19, 'София', 'Табунщик', 'Вадимовна', '', '', '0000-00-00', NULL, 2),
(429, 19, 'Людмила', 'Теряник', 'Анатольевна', '', '', '0000-00-00', NULL, 2),
(430, 19, 'Азиз', 'Токи', 'Ильясович', '', '', '0000-00-00', NULL, 1),
(431, 19, 'Данил', 'Турута', 'Дмитриевич', '', '', '0000-00-00', NULL, 1),
(432, 19, 'Владислав', 'Шевчук', 'Игоревич', '', '', '0000-00-00', NULL, 1),
(433, 19, 'Артемий', 'Щеглов', 'Александрович', '', '', '0000-00-00', NULL, 1),
(434, 19, 'Алексей', 'Яровенко', 'Анатольевич', '', '', '0000-00-00', NULL, 1),
(435, 20, 'Диана', 'Андрианова', 'Романовна', '', '', '0000-00-00', NULL, 2),
(436, 20, 'Нанни', 'Берсова', 'Сергеевна', '', '', '0000-00-00', NULL, 2),
(437, 20, 'Вячеслав', 'Васик', 'Юрьевич', '', '', '0000-00-00', NULL, 1),
(438, 20, 'Ксения', 'Гордиюк', 'Петровна', '', '', '0000-00-00', NULL, 2),
(439, 20, 'Полина', 'Евграфова', 'Алексеевна', '', '', '0000-00-00', NULL, 2),
(440, 20, 'Юлия', 'Жаплова', 'Викторовна', '', '', '0000-00-00', NULL, 2),
(441, 20, 'Селиме', 'Зикиряева', 'Эдимовна', '', '', '0000-00-00', NULL, 2),
(442, 20, 'Алексей', 'Иванюк', 'Яковлевич', '', '', '0000-00-00', NULL, 1),
(443, 20, 'Майя', 'Ключкина', 'Андреевна', '', '', '0000-00-00', NULL, 2),
(444, 20, 'Алина', 'Кузнецова', 'Александровна', '', '', '0000-00-00', NULL, 2),
(445, 20, 'Антон', 'Лагуткин', 'Павлович', '', '', '0000-00-00', NULL, 1),
(446, 20, 'Наталия', 'Летавина', 'Александровна', '', '', '0000-00-00', NULL, 2),
(447, 20, 'Полина', 'Морозова', 'Сергеевна', '', '', '0000-00-00', NULL, 2),
(448, 20, 'Елизавета', 'Москальчук', 'Олеговна', '', '', '0000-00-00', NULL, 2),
(449, 20, 'Елена', 'Панфилкина', 'Евгеньевна', '', '', '0000-00-00', NULL, 2),
(450, 20, 'Таисия', 'Смолянова', 'Александровна', '', '', '0000-00-00', NULL, 2),
(451, 20, 'Даниил', 'Тен', 'Вячеславович', '', '', '0000-00-00', NULL, 1),
(452, 20, 'Валерия', 'Хархан', 'Олеговна', '', '', '0000-00-00', NULL, 2),
(453, 21, 'Алина', 'Бугаенко', 'Витальевна', '', '', '0000-00-00', NULL, 2),
(454, 21, 'Анна', 'Горшкова', 'Борисовна', '', '', '0000-00-00', NULL, 2),
(455, 21, 'Ольга', 'Данченко', 'Владимировна', '', '', '0000-00-00', NULL, 2),
(456, 21, 'Константин', 'Заворотько', 'Иванович', '', '', '0000-00-00', NULL, 1),
(457, 21, 'Сабина', 'Ильясова', 'Марсельевна', '', '', '0000-00-00', NULL, 2),
(458, 21, 'Богдан', 'Кравченко', 'Юрьевич', '', '', '0000-00-00', NULL, 1),
(459, 21, 'Анастасия', 'Кудинова', 'Олеговна', '', '', '0000-00-00', NULL, 2),
(460, 21, 'Ева', 'Лебедева', 'Игоревна', '', '', '0000-00-00', NULL, 2),
(461, 21, 'Карина', 'Медведева', 'Владимировна', '', '', '0000-00-00', NULL, 2),
(462, 21, 'Анна', 'Момот', 'Вячеславовна', '', '', '0000-00-00', NULL, 2),
(463, 21, 'Дмитрий', 'Московой', 'Максимович', '', '', '0000-00-00', NULL, 1),
(464, 21, 'Мария', 'Новикова', 'Николаевна', '', '', '0000-00-00', NULL, 2),
(465, 21, 'Валерия', 'Просалова', 'Петровна', '', '', '0000-00-00', NULL, 2),
(466, 21, 'Даниил', 'Родин', 'Вадимович', '', '', '0000-00-00', NULL, 1),
(467, 21, 'Дмитрий', 'Соломченко', 'Александрович', '', '', '0000-00-00', NULL, 1),
(468, 21, 'Ирина', 'Стенькина', 'Сергеевна', '', '', '0000-00-00', NULL, 2),
(469, 21, 'Анастасия', 'Фесенко', 'Руслановна', '', '', '0000-00-00', NULL, 2),
(470, 21, 'Софья', 'Ярмоленко', 'Валентиновна', '', '', '0000-00-00', NULL, 2),
(471, 22, 'Мариа', 'Аветисян', 'Юриковна', '', '', '0000-00-00', NULL, 2),
(472, 22, 'Анастасия', 'Бабанова', 'Константиновна', '', '', '0000-00-00', NULL, 2),
(473, 22, 'Кристина', 'Балабанова', 'Александровна', '', '', '0000-00-00', NULL, 2),
(474, 22, 'Анна', 'Вербицкая', 'Евгеньевна', '', '', '0000-00-00', NULL, 2),
(475, 22, 'Мария', 'Вивчарь', 'Романовна', '', '', '0000-00-00', NULL, 2),
(476, 22, 'Кристина', 'Владарская', 'Александровна', '', '', '0000-00-00', NULL, 2),
(477, 22, 'Ангелина', 'Гавдель', 'Сергеевна', '', '', '0000-00-00', NULL, 2),
(478, 22, 'Анастасия', 'Гостищева', 'Сергеевна', '', '', '0000-00-00', NULL, 2),
(479, 22, 'Александра', 'Дузбаба', 'Сергеевна', '', '', '0000-00-00', NULL, 2),
(480, 22, 'Виолетта', 'Загоненко', 'Владимировна', '', '', '0000-00-00', NULL, 2),
(481, 22, 'Гузаля', 'Ибрагимова', 'Евгеньевна', '', '', '0000-00-00', NULL, 2),
(482, 22, 'Мария', 'Кит', 'Степановна', '', '', '0000-00-00', NULL, 2),
(483, 22, 'Илья', 'Коломиец', 'Игоревич', '', '', '0000-00-00', NULL, 1),
(484, 22, 'Снежана', 'Куравина', 'Александровна', '', '', '0000-00-00', NULL, 2),
(485, 22, 'Анастасия', 'Лемяскина', 'Сергеевна', '', '', '0000-00-00', NULL, 2),
(486, 22, 'Екатерина', 'Нестерук', 'Руслановна', '', '', '0000-00-00', NULL, 2),
(487, 22, 'Анна', 'Онищенко', 'Евгеньевна', '', '', '0000-00-00', NULL, 2),
(488, 22, 'Евгения', 'Орехова', 'Владимировна', '', '', '0000-00-00', NULL, 2),
(489, 22, 'Маргарита', 'Орлова', 'Алексеевна', '', '', '0000-00-00', NULL, 2),
(490, 22, 'Анна', 'Попова', 'Вячеславовна', '', '', '0000-00-00', NULL, 2),
(491, 22, 'Диана', 'Приходная', 'Александровна', '', '', '0000-00-00', NULL, 2),
(492, 22, 'Анастасия', 'Сафонова', 'Владимировна', '', '', '0000-00-00', NULL, 2),
(493, 22, 'Елена', 'Смаилова', 'Витальевна', '', '', '0000-00-00', NULL, 2),
(494, 22, 'Анастасия', 'Тарасенко', 'Андреевна', '', '', '0000-00-00', NULL, 2),
(495, 22, 'Юлия', 'Тихонова', 'Владимировна', '', '', '0000-00-00', NULL, 2),
(496, 22, 'Анна', 'Тулаева', 'Владимировна', '', '', '0000-00-00', NULL, 2),
(497, 22, 'Ольга', 'Фошина', 'Олеговна', '', '', '0000-00-00', NULL, 2),
(498, 22, 'Григорий', 'Шистка', 'Константинович', '', '', '0000-00-00', NULL, 1),
(499, 22, 'Дмитрий', 'Шустев', 'Александрович', '', '', '0000-00-00', NULL, 1),
(500, 23, 'Никита', 'Баранов', 'Владимирович', '', '', '0000-00-00', NULL, 1),
(501, 23, 'Александр', 'Барболин', 'Павлович', '', '', '0000-00-00', NULL, 1),
(502, 23, 'Виктория', 'Боровкова', 'Викторовна', '', '', '0000-00-00', NULL, 2),
(503, 23, 'Константин', 'Буркальцев', 'Евгеньевич', '', '', '0000-00-00', NULL, 1),
(504, 23, 'Екатерина', 'Ванглер', 'Олеговна', '', '', '0000-00-00', NULL, 2),
(505, 23, 'Сабина', 'Виноградова', 'Ахад', '', '', '0000-00-00', NULL, 2),
(506, 23, 'Полина', 'Ермачкова', 'Андреевна', '', '', '0000-00-00', NULL, 2),
(507, 23, 'Александра', 'Карнакова', 'Сергеевна', '', '', '0000-00-00', NULL, 2),
(508, 23, 'Наталья', 'Колесник', 'Андреевна', '', '', '0000-00-00', NULL, 2),
(509, 23, 'Александра', 'Кравченко', 'Николаевна', '', '', '0000-00-00', NULL, 2),
(510, 23, 'Екатерина', 'Кристофоли', 'Михайловна', '', '', '0000-00-00', NULL, 2),
(511, 23, 'Мурат', 'Муратов', 'Месьферович', '', '', '0000-00-00', NULL, 1),
(512, 23, 'Кирилл', 'Руденко', 'Игоревич', '', '', '0000-00-00', NULL, 1),
(513, 23, 'Никита', 'Середа', 'Дмитриевич', '', '', '0000-00-00', NULL, 1),
(514, 23, 'Анжелика', 'Сосова', 'Витальевна', '', '', '0000-00-00', NULL, 2),
(515, 23, 'София', 'Спориш', 'Александровна', '', '', '0000-00-00', NULL, 2),
(516, 23, 'Никита', 'Цыганенко', 'Сергеевич', '', '', '0000-00-00', NULL, 1),
(517, 24, 'Карина', 'Акопова', 'Эдуардовна', '', '', '0000-00-00', NULL, 2),
(518, 24, 'Мария', 'Аль-Муайед', 'Альбертовна', '', '', '0000-00-00', NULL, 2),
(519, 24, 'Денис', 'Бахтин', 'Сергеевич', '', '', '0000-00-00', NULL, 1),
(520, 24, 'Лия', 'Безденежных', 'Эдуардовна', '', '', '0000-00-00', NULL, 2),
(521, 24, 'Вероника', 'Блохина', 'Анатольевна', '', '', '0000-00-00', NULL, 2),
(522, 24, 'Анастасия', 'Бондаренко', 'Алексеевна', '', '', '0000-00-00', NULL, 2),
(523, 24, 'Полина', 'Великородная', 'Александровна', '', '', '0000-00-00', NULL, 2),
(524, 24, 'Карина', 'Воронюк', 'Вадимовна', '', '', '0000-00-00', NULL, 2),
(525, 24, 'Антон', 'Забуранный', 'Сергеевич', '', '', '0000-00-00', NULL, 1),
(526, 24, 'Стефания', 'Конюхова', 'Олеговна', '', '', '0000-00-00', NULL, 2),
(527, 24, 'Полина', 'Корецкая', 'Леонидовна', '', '', '0000-00-00', NULL, 2),
(528, 24, 'Екатерина', 'Кривелева', 'Сергеевна', '', '', '0000-00-00', NULL, 2),
(529, 24, 'Анна', 'Ландик', 'Игоревна', '', '', '0000-00-00', NULL, 2),
(530, 24, 'Мария', 'Ландик', 'Алексеевна', '', '', '0000-00-00', NULL, 2),
(531, 24, 'Альберт', 'Максаков', 'Витальевич', '', '', '0000-00-00', NULL, 1),
(532, 24, 'Евгения', 'Осокина', 'Алексеевн', '', '', '0000-00-00', NULL, 2),
(533, 24, 'Елена', 'Сазанская', 'Григорьевна', '', '', '0000-00-00', NULL, 2),
(534, 24, 'Юлия', 'Серогородская', 'Антоновна', '', '', '0000-00-00', NULL, 2),
(535, 24, 'Дарья', 'Тараненко', 'Дмитриевна', '', '', '0000-00-00', NULL, 2),
(536, 24, 'Елена', 'Федорова', 'Олеговна', '', '', '0000-00-00', NULL, 2),
(537, 24, 'Мария', 'Финченко', 'Петровна', '', '', '0000-00-00', NULL, 2),
(538, 24, 'Анастасия', 'Хиль', 'Александровна', '', '', '0000-00-00', NULL, 2),
(539, 24, 'Марина', 'Чижик', 'Андреевна', '', '', '0000-00-00', NULL, 2),
(540, 24, 'Зарина', 'Эмиралиева', 'Маратовна', '', '', '0000-00-00', NULL, 2),
(541, 25, 'Сание', 'Абибуллаева', 'Аметовна', '', '', '0000-00-00', NULL, 2),
(542, 25, 'Эльмаз', 'Аппазова', 'Лензиевна', '', '', '0000-00-00', NULL, 2),
(543, 25, 'Максим', 'Березин', 'Сергеевич', '', '', '0000-00-00', NULL, 1),
(544, 25, 'Екатерина', 'Берман', 'Дмитриевна', '', '', '0000-00-00', NULL, 2),
(545, 25, 'Дмитрий', 'Берман', 'Юрьевич', '', '', '0000-00-00', NULL, 1),
(546, 25, 'Ольга', 'Болдырева', 'Михайловна', '', '', '0000-00-00', NULL, 2),
(547, 25, 'Дарья', 'Глебко', 'Александровна', '', '', '0000-00-00', NULL, 2),
(548, 25, 'Зинур', 'Закерьяев', 'Русланович', '', '', '0000-00-00', NULL, 1),
(549, 25, 'Данил', 'Кравченко', 'Сергеевич', '', '', '0000-00-00', NULL, 1),
(550, 25, 'Карина', 'Лашко', 'Алексеевна', '', '', '0000-00-00', NULL, 2),
(551, 25, 'Марина', 'Левочкина', 'Валерьевна', '', '', '0000-00-00', NULL, 2),
(552, 25, 'Елизавета', 'Лопина', 'Андреевна', '', '', '0000-00-00', NULL, 2),
(553, 25, 'Марина', 'Менщикова', 'Ивановна', '', '', '0000-00-00', NULL, 2),
(554, 25, 'Екатерина', 'Плющенко', 'Викторовна', '', '', '0000-00-00', NULL, 2),
(555, 25, 'Кристина', 'Приходько', 'Евгеньевна', '', '', '0000-00-00', NULL, 2),
(556, 25, 'Анастасия', 'Скляр', 'Андреевна', '', '', '0000-00-00', NULL, 2),
(557, 25, 'Анастасия', 'Старкова', 'Алексеевна', '', '', '0000-00-00', NULL, 2),
(558, 25, 'Дарья', 'Харева', 'Павловна', '', '', '0000-00-00', NULL, 2),
(559, 25, 'Мустафа', 'Шабанов', 'Тоирович', '', '', '0000-00-00', NULL, 1),
(560, 25, 'Камилла', 'Шейх-заде', 'Чингизовна', '', '', '0000-00-00', NULL, 2),
(561, 25, 'Кристина', 'Яковенко', 'Николаевна', '', '', '0000-00-00', NULL, 2),
(562, 26, 'Регина', 'Балясная', 'Игоревна', '', '', '0000-00-00', NULL, 2),
(563, 26, 'Валерия', 'Барановская', 'Олеговна', '', '', '0000-00-00', NULL, 2),
(564, 26, 'Алина', 'Ваврищук', 'Юрьевна', '', '', '0000-00-00', NULL, 2),
(565, 26, 'Надежда', 'Гулянова', 'Игоревна', '', '', '0000-00-00', NULL, 2),
(566, 26, 'Мавиле', 'Ильясова', 'Ахтемовна', '', '', '0000-00-00', NULL, 2),
(567, 26, 'Дарья', 'Кузубова', 'Евгеньевна', '', '', '0000-00-00', NULL, 2),
(568, 26, 'Екатерина', 'Мегела', 'Михайловна', '', '', '0000-00-00', NULL, 2),
(569, 26, 'Анастасия', 'Моисеенко', 'Васильевна', '', '', '0000-00-00', NULL, 2),
(570, 26, 'Елизавета', 'Мушмуленко', 'Ильинична', '', '', '0000-00-00', NULL, 2),
(571, 26, 'Виктория', 'Овчинникова', 'Сергеевна', '', '', '0000-00-00', NULL, 2),
(572, 26, 'Дарья', 'Орлова', 'Витальевна', '', '', '0000-00-00', NULL, 2),
(573, 26, 'Анастасия', 'Рубина', 'Олеговна', '', '', '0000-00-00', NULL, 2),
(574, 26, 'Юнона', 'Савинова', 'Сергеевна', '', '', '0000-00-00', NULL, 2),
(575, 26, 'Алина', 'Цуркевич', 'Вячеславовна', '', '', '0000-00-00', NULL, 2),
(576, 26, 'Валерия', 'Черненко', 'Олеговна', '', '', '0000-00-00', NULL, 2),
(577, 26, 'Ольга', 'Чурай', 'Олеговна', '', '', '0000-00-00', NULL, 2),
(578, 27, 'Эшреф', 'Аблямитов', 'Эльвизович', '', '', '0000-00-00', NULL, 1),
(579, 27, 'Владислав', 'Бойко', 'Дмитриевич', '', '', '0000-00-00', NULL, 1),
(580, 27, 'Максим', 'Власов', 'Павлович', '', '', '0000-00-00', NULL, 1),
(581, 27, 'Ренат', 'Гимадудинов', 'Маратович', '', '', '0000-00-00', NULL, 1),
(582, 27, 'Асан', 'Джемильев', 'Русланович', '', '', '0000-00-00', NULL, 1),
(583, 27, 'Алексей', 'Карвель', 'Олегович', '', '', '0000-00-00', NULL, 1),
(584, 27, 'Богдан', 'Карый', 'Васильевич', '', '', '0000-00-00', NULL, 1),
(585, 27, 'Руслан', 'Косыгин', 'Павлович', '', '', '0000-00-00', NULL, 1),
(586, 27, 'Дмитрий', 'Лошадкин', 'Сергеевич', '', '', '0000-00-00', NULL, 1),
(587, 27, 'Мамед', 'Мамедов', 'Энверович', '', '', '0000-00-00', NULL, 1),
(588, 27, 'Максим', 'Мануйленко', 'Евгеньевич', '', '', '0000-00-00', NULL, 1),
(589, 27, 'Ролан', 'Меметов', 'Якубович', '', '', '0000-00-00', NULL, 1),
(590, 27, 'Владислав', 'Оленев', 'Евгеньевич', '', '', '0000-00-00', NULL, 1),
(591, 27, 'Эрнест', 'Рамазанов', 'Марленович', '', '', '0000-00-00', NULL, 1),
(592, 27, 'Ахтем', 'Садыков', 'Идрисович', '', '', '0000-00-00', NULL, 1),
(593, 27, 'Амет', 'Салимов', 'Ильдарович', '', '', '0000-00-00', NULL, 1),
(594, 27, 'Меннан', 'Сейтхалилов', 'Билялович', '', '', '0000-00-00', NULL, 1),
(595, 27, 'Владислав', 'Смиян', 'Олегович', '', '', '0000-00-00', NULL, 1),
(596, 27, 'Семен', 'Сторожук', 'Александрович', '', '', '0000-00-00', NULL, 1),
(597, 27, 'Вадим', 'Трифонов', 'Евгеньевич', '', '', '0000-00-00', NULL, 1),
(598, 27, 'Тимур', 'Трофанчук', 'Викторович', '', '', '0000-00-00', NULL, 1),
(599, 27, 'Константин', 'Халатов', 'Станиславович', '', '', '0000-00-00', NULL, 1),
(600, 27, 'Вадим', 'Яковлев', 'Олегович', '', '', '0000-00-00', NULL, 1),
(601, 28, 'Павел', 'Ануфриев', 'Викторович', '', '', '0000-00-00', NULL, 1),
(602, 28, 'Даниил', 'Арбузов', 'Дмитриевич', '', '', '0000-00-00', NULL, 1),
(603, 28, 'Дмитрий', 'Базалий', 'Дмитриевич', '', '', '0000-00-00', NULL, 1),
(604, 28, 'Дмитрий', 'Безпалов', 'Алексеевич', '', '', '0000-00-00', NULL, 1),
(605, 28, 'Дмитрий', 'Древецкий', 'Леонидович', '', '', '0000-00-00', NULL, 1),
(606, 28, 'Егор', 'Дьяченко', 'Денисович', '', '', '0000-00-00', NULL, 1),
(607, 28, 'Анна', 'Елисеева', 'Константиновна', '', '', '0000-00-00', NULL, 2),
(608, 28, 'Заурбек', 'Ибраимов', 'Сейранович', '', '', '0000-00-00', NULL, 1),
(609, 28, 'Владимир', 'Кальченко', 'Анатольевич', '', '', '0000-00-00', NULL, 1),
(610, 28, 'Владислав', 'Комличенко', 'Валентинович', '', '', '0000-00-00', NULL, 1),
(611, 28, 'Елизавета', 'Корнеева', 'Дмитриевна', '', '', '0000-00-00', NULL, 2),
(612, 28, 'Сергей', 'Кочетов', 'Сергеевич', '', '', '0000-00-00', NULL, 1),
(613, 28, 'Александр', 'Крятов', 'Сергеевич', '', '', '0000-00-00', NULL, 1),
(614, 28, 'Глеб', 'Лазорский', 'Андреевич', '', '', '0000-00-00', NULL, 1),
(615, 28, 'Георгий', 'Надежин', 'Евгеньевич', '', '', '0000-00-00', NULL, 1),
(616, 28, 'Алексей', 'Назарчук', 'Вячеславович', '', '', '0000-00-00', NULL, 1),
(617, 28, 'Корней', 'Окладной', 'Олегович', '', '', '0000-00-00', NULL, 1),
(618, 28, 'Илья', 'Островский', 'Максимович', '', '', '0000-00-00', NULL, 1),
(619, 28, 'Максим', 'Петрушинец', 'Леонидович', '', '', '0000-00-00', NULL, 1),
(620, 28, 'Анна', 'Тройнина', 'Вадимовна', '', '', '0000-00-00', NULL, 2),
(621, 28, 'Осман', 'Халиков', 'Редванович', '', '', '0000-00-00', NULL, 1),
(622, 28, 'Владимир', 'Шульженко', 'Владимирович', '', '', '0000-00-00', NULL, 1),
(623, 29, 'Эмине', 'Абильфиттаева', 'Рифатовна', '', '', '0000-00-00', NULL, 2),
(624, 29, 'Энвер', 'Амзаев', 'Шевкетович', '', '', '0000-00-00', NULL, 1),
(625, 29, 'Вениамин', 'Васаревич', 'Владиславович', '', '', '0000-00-00', NULL, 1),
(626, 29, 'Элеонора', 'Демьяненко', 'Александровна', '', '', '0000-00-00', NULL, 2),
(627, 29, 'Диана', 'Дерябина', 'Вячеславовна', '', '', '0000-00-00', NULL, 2),
(628, 29, 'Иван', 'Еременко', 'Олегович', '', '', '0000-00-00', NULL, 1),
(629, 29, 'Александра', 'Захарова', 'Максимовна', '', '', '0000-00-00', NULL, 2),
(630, 29, 'Полина', 'Клименко', 'Богдановна', '', '', '0000-00-00', NULL, 2),
(631, 29, 'Александра', 'Коваленко', 'Юрьевна', '', '', '0000-00-00', NULL, 2),
(632, 29, 'Денис', 'Котляров', 'Максимович', '', '', '0000-00-00', NULL, 1),
(633, 29, 'Надежда', 'Леонтьева', 'Сергеевна', '', '', '0000-00-00', NULL, 2),
(634, 29, 'Арина', 'Манкевич', 'Сергеевна', '', '', '0000-00-00', NULL, 2),
(635, 29, 'Камилла', 'Мартынец', 'Витальевна', '', '', '0000-00-00', NULL, 2),
(636, 29, 'Роман', 'Назаренко', 'Артурович', '', '', '0000-00-00', NULL, 1),
(637, 29, 'Вячеслав', 'Назаров', 'Сергеевич', '', '', '0000-00-00', NULL, 1),
(638, 29, 'Никита', 'Резников', 'Алексеевич', '', '', '0000-00-00', NULL, 1),
(639, 29, 'Дарья', 'Старикова', 'Александровна', '', '', '0000-00-00', NULL, 2),
(640, 29, 'Ирина', 'Трушина', 'Сергеевна', '', '', '0000-00-00', NULL, 2),
(641, 29, 'Евгений', 'Филипишен', 'Анатольевич', '', '', '0000-00-00', NULL, 1),
(642, 29, 'Хиляль', 'Эриш', '-', '', '', '0000-00-00', NULL, 1),
(643, 29, 'Дмитрий', 'Яременко', 'Леонидович', '', '', '0000-00-00', NULL, 1),
(644, 29, 'Алина', 'Ярошенко', 'Сергеевна', '', '', '0000-00-00', NULL, 2),
(645, 30, 'Валентин', 'Антипенко', 'Михайлович', '', '', '0000-00-00', NULL, 1),
(646, 30, 'София', 'Артюгина', 'Вадимовна', '', '', '0000-00-00', NULL, 2),
(647, 30, 'Тимур', 'Бартенев', 'Андреевич', '', '', '0000-00-00', NULL, 1),
(648, 30, 'Дмитрий', 'Белинов', 'Леонидович', '', '', '0000-00-00', NULL, 1),
(649, 30, 'Вячеслав', 'Бойчук', 'Витальевич', '', '', '0000-00-00', NULL, 1),
(650, 30, 'Роман', 'Вишневский', 'Степанович', '', '', '0000-00-00', NULL, 1),
(651, 30, 'Алексей', 'Гарбар', 'Владимирович', '', '', '0000-00-00', NULL, 1),
(652, 30, 'Виктор', 'Гоголев', 'Григорьевич', '', '', '0000-00-00', NULL, 1),
(653, 30, 'Илья', 'Гриненко', 'Романович', '', '', '0000-00-00', NULL, 1),
(654, 30, 'Борислав', 'Гриценко', 'Иванович', '', '', '0000-00-00', NULL, 1),
(655, 30, 'Дарья', 'Кознева', 'Алексеевна', '', '', '0000-00-00', NULL, 2),
(656, 30, 'Александр', 'Колесник', 'Юрьевич', '', '', '0000-00-00', NULL, 1),
(657, 30, 'Иван', 'Костин', 'Михайлович', '', '', '0000-00-00', NULL, 1),
(658, 30, 'Владислав', 'Милицин', 'Георгиевич', '', '', '0000-00-00', NULL, 1),
(659, 30, 'Ярослав', 'Музыченко', 'Алексеевич', '', '', '0000-00-00', NULL, 1),
(660, 30, 'Ибраим', 'Решитов', 'Мудталибович', '', '', '0000-00-00', NULL, 1),
(661, 30, 'Михаил', 'Ригин', 'Михайлович', '', '', '0000-00-00', NULL, 1);
INSERT INTO `students` (`student_id`, `group_unique_group_id`, `student_name`, `student_second_name`, `student_middle_name`, `student_phone`, `student_email`, `student_birth`, `student_more_info`, `student_gender`) VALUES
(662, 30, 'Максим', 'Рыбак', 'Сергеевич', '', '', '0000-00-00', NULL, 1),
(663, 30, 'Елизавета', 'Сахащик', 'Александровна', '', '', '0000-00-00', NULL, 2),
(664, 30, 'Дмитрий', 'Селиверстов', 'Андреевич', '', '', '0000-00-00', NULL, 1),
(665, 30, 'Андрей', 'Сенюк', 'Сергеевич', '', '', '0000-00-00', NULL, 1),
(666, 30, 'Сергей', 'Филоненко', 'Александрович', '', '', '0000-00-00', NULL, 1),
(667, 30, 'Михаил', 'Хан', 'Евгеньевич', '', '', '0000-00-00', NULL, 1),
(668, 31, 'Эдем', 'Бакшишев', 'Энверович', '', '', '0000-00-00', NULL, 1),
(669, 31, 'Данил', 'Выдай', 'Сергеевич', '', '', '0000-00-00', NULL, 1),
(670, 31, 'Игорь', 'Гоменюк', 'Игоревич', '', '', '0000-00-00', NULL, 1),
(671, 31, 'Даниил', 'Деркач', 'Вячеславович', '', '', '0000-00-00', NULL, 1),
(672, 31, 'Светлана', 'Долгова', 'Алексеевна', '', '', '0000-00-00', NULL, 2),
(673, 31, 'Алексей', 'Ежкин', 'Максимович', '', '', '0000-00-00', NULL, 1),
(674, 31, 'Денис', 'Жмак', 'Витальевич', '', '', '0000-00-00', NULL, 1),
(675, 31, 'Лилия', 'Злобина', 'Александровна', '', '', '0000-00-00', NULL, 2),
(676, 31, 'Эмир', 'Ильясов', 'Шухратович', '', '', '0000-00-00', NULL, 1),
(677, 31, 'Яна', 'Киричок', 'Анатольевна', '', '', '0000-00-00', NULL, 2),
(678, 31, 'Ярослав', 'Ковальский', 'Анатольевич', '', '', '0000-00-00', NULL, 1),
(679, 31, 'Евгения', 'Кондратенко', 'Алексеевна', '', '', '0000-00-00', NULL, 2),
(680, 31, 'Кристина', 'Косенко', 'Владимировна', '', '', '0000-00-00', NULL, 2),
(681, 31, 'Федор', 'Никонов', 'Андреевич', '', '', '0000-00-00', NULL, 1),
(682, 31, 'Игорь', 'Петров', 'Владимирович', '', '', '0000-00-00', NULL, 1),
(683, 31, 'Анастасия', 'Позднякова', 'Юрьевна', '', '', '0000-00-00', NULL, 2),
(684, 31, 'Владислав', 'Попенко', 'Юрьевич', '', '', '0000-00-00', NULL, 1),
(685, 31, 'Александр', 'Рожнов', 'Вячеславович', '', '', '0000-00-00', NULL, 1),
(686, 31, 'Руслан', 'Шаяхметов', 'Галимжанович', '', '', '0000-00-00', NULL, 1),
(687, 31, 'Осман', 'Шерфединов', 'Сервер-оглу', '', '', '0000-00-00', NULL, 1),
(688, 31, 'Николай', 'Юращик', 'Александрович', '', '', '0000-00-00', NULL, 1),
(689, 31, 'Алексей', 'Ямполец', 'Владимирович', '', '', '0000-00-00', NULL, 1),
(690, 31, 'Любомир', 'Ясин', 'Любомирович', '', '', '0000-00-00', NULL, 1),
(691, 31, 'Елизавета', 'Яцун', 'Васильевна', '', '', '0000-00-00', NULL, 2),
(692, 32, 'Альбина', 'Асанова', 'Ризаевна', '', '', '0000-00-00', NULL, 2),
(693, 32, 'Алексей', 'Беспалов', 'Максимович', '', '', '0000-00-00', NULL, 1),
(694, 32, 'Ирина', 'Баканова', 'Анатольевна', '', '', '0000-00-00', NULL, 2),
(695, 32, 'Наталья', 'Бузинко', 'Игоревна', '', '', '0000-00-00', NULL, 2),
(696, 32, 'Кирилл', 'Великородный', 'Александрович', '', '', '0000-00-00', NULL, 1),
(697, 32, 'Арзы', 'Велиуллаева', 'Шевкетовна', '', '', '0000-00-00', NULL, 2),
(698, 32, 'Дарья', 'Волкова', 'Андреевна', '', '', '0000-00-00', NULL, 2),
(699, 32, 'Екатерина', 'Гирман', 'Сергеевна', '', '', '0000-00-00', NULL, 2),
(700, 32, 'Арина', 'Ивахненко', 'Олеговна', '', '', '0000-00-00', NULL, 2),
(701, 32, 'Диана', 'Кесян', 'Артуровна', '', '', '0000-00-00', NULL, 2),
(702, 32, 'Кристина', 'Коровко', 'Евгеньевна', '', '', '0000-00-00', NULL, 2),
(703, 32, 'Мария', 'Кортышкова', 'Викторовна', '', '', '0000-00-00', NULL, 2),
(704, 32, 'Ольга', 'Кравцова', 'Игоревна', '', '', '0000-00-00', NULL, 2),
(705, 32, 'Ирина', 'Матюшенко', 'Ивановна', '', '', '0000-00-00', NULL, 2),
(706, 32, 'Алина', 'Михайленко', 'Александровна', '', '', '0000-00-00', NULL, 2),
(707, 32, 'Анастасия', 'Небреева', 'Борисовна', '', '', '0000-00-00', NULL, 2),
(708, 32, 'Екатерина', 'Оксенюк', 'Евгеньевна', '', '', '0000-00-00', NULL, 2),
(709, 32, 'Анна', 'Петрова', 'Викторовна', '', '', '0000-00-00', NULL, 2),
(710, 32, 'Кристина', 'Репецкая', 'Дмитриевна', '', '', '0000-00-00', NULL, 2),
(711, 32, 'Полина', 'Савакова', 'Юрьевна', '', '', '0000-00-00', NULL, 2),
(712, 32, 'Виктория', 'Тильгер', 'Павловна', '', '', '0000-00-00', NULL, 2),
(713, 32, 'Олег', 'Трофименко', 'Викторович', '', '', '0000-00-00', NULL, 1),
(714, 33, 'Эльнара', 'Аединова', 'Энверовна', '', '', '0000-00-00', NULL, 2),
(715, 33, 'Владислав', 'Ардилян', 'Александрович', '', '', '0000-00-00', NULL, 1),
(716, 33, 'Полина', 'Безсонова', 'Александровна', '', '', '0000-00-00', NULL, 2),
(717, 33, 'Анастасия', 'Богомолова', 'Константиновна', '', '', '0000-00-00', NULL, 2),
(718, 33, 'Светлана', 'Бодрова', 'Александровна', '', '', '0000-00-00', NULL, 2),
(719, 33, 'Мерьем', 'Боснякова', 'Заурбековна', '', '', '0000-00-00', NULL, 2),
(720, 33, 'Яна', 'Васильева', 'Константиновна', '', '', '0000-00-00', NULL, 2),
(721, 33, 'Дарья', 'Гончарова', 'Сергеевна', '', '', '0000-00-00', NULL, 2),
(722, 33, 'Валерий', 'Кокотов', 'Олегович', '', '', '0000-00-00', NULL, 1),
(723, 33, 'Анастасия', 'Корницкая', 'Дмитриевна', '', '', '0000-00-00', NULL, 2),
(724, 33, 'Полина', 'Лапина', 'Алексеевна', '', '', '0000-00-00', NULL, 2),
(725, 33, 'Елена', 'Медянская', 'Павловна', '', '', '0000-00-00', NULL, 2),
(726, 33, 'Алина', 'Столетняя', 'Юрьевна', '', '', '0000-00-00', NULL, 2),
(727, 33, 'Дарья', 'Стрембицкая', 'Борисовна', '', '', '0000-00-00', NULL, 2),
(728, 33, 'Елизавета', 'Ускова', 'Николаевна', '', '', '0000-00-00', NULL, 2),
(729, 33, 'Лидия', 'Хитрова', 'Владимировна', '', '', '0000-00-00', NULL, 2),
(730, 33, 'Дмитрий', 'Черногаев', 'Александрович', '', '', '0000-00-00', NULL, 1),
(731, 33, 'Ксения', 'Шанцуева', 'Эдурдовна', '', '', '0000-00-00', NULL, 2),
(732, 33, 'Мирослав', 'Шарудилов', 'Сергеевич', '', '', '0000-00-00', NULL, 1),
(733, 34, 'Сусана', 'Асанова', 'Таировна', '', '', '0000-00-00', NULL, 2),
(734, 34, 'Анастасия', 'Беличенко', 'Сергеевна', '', '', '0000-00-00', NULL, 2),
(735, 34, 'Татьяна', 'Головкина', 'Романовна', '', '', '0000-00-00', NULL, 2),
(736, 34, 'Тамила', 'Девлетова', 'Ферадовна', '', '', '0000-00-00', NULL, 2),
(737, 34, 'Екатерина', 'Заворотнюк', 'Сергеевна', '', '', '0000-00-00', NULL, 2),
(738, 34, 'Полина', 'Захарченко', 'Сергеевна', '', '', '0000-00-00', NULL, 2),
(739, 34, 'Карина', 'Захарьина', 'Валерьевна', '', '', '0000-00-00', NULL, 2),
(740, 34, 'Федор', 'Игнатьев', 'Юрьевич', '', '', '0000-00-00', NULL, 1),
(741, 34, 'Денис', 'Илюшкин', 'Алексеевич', '', '', '0000-00-00', NULL, 1),
(742, 34, 'Зера', 'Исмаилова', 'Рустемовна', '', '', '0000-00-00', NULL, 2),
(743, 34, 'Иван', 'Карташов', 'Геннадьевич', '', '', '0000-00-00', NULL, 1),
(744, 34, 'Дарья', 'Кулик', 'Алексеевна', '', '', '0000-00-00', NULL, 2),
(745, 34, 'Ирина', 'Лемко', 'Викторовна', '', '', '0000-00-00', NULL, 2),
(746, 34, 'Светлана', 'Макарова', 'Александровна', '', '', '0000-00-00', NULL, 2),
(747, 34, 'Ирина', 'Нерубальская', 'Сергеевна', '', '', '0000-00-00', NULL, 2),
(748, 34, 'Дарья', 'Новосёлова', 'Владимировна', '', '', '0000-00-00', NULL, 2),
(749, 34, 'Карина', 'Панурская', 'Витальевна', '', '', '0000-00-00', NULL, 2),
(750, 34, 'Эльмаз', 'Сейтхалилова', 'Энверовна', '', '', '0000-00-00', NULL, 2),
(751, 34, 'Игорь', 'Чабанко', 'Александрович', '', '', '0000-00-00', NULL, 1),
(752, 34, 'Дмитрий', 'Шкуренко', 'Юрьевич', '', '', '0000-00-00', NULL, 1),
(753, 34, 'Ирина', 'Шуляр', 'Александровна', '', '', '0000-00-00', NULL, 2),
(754, 34, 'Ферида', 'Ягьяева', 'Амед', '', '', '0000-00-00', NULL, 2),
(755, 34, 'Кристина', 'Ятчак', 'Викторовна', '', '', '0000-00-00', NULL, 2),
(756, 35, 'Эльдар', 'Алиев', 'Эскендерович', '', '', '0000-00-00', NULL, 1),
(757, 35, 'Максим', 'Байденко', 'Евгеньевич', '', '', '0000-00-00', NULL, 1),
(758, 35, 'Андрей', 'Беляев', 'Сергевич', '', '', '0000-00-00', NULL, 1),
(759, 35, 'Виталий', 'Бородаев', 'Олегович', '', '', '0000-00-00', NULL, 1),
(760, 35, 'Юрий', 'Грязнов', 'Викторович', '', '', '0000-00-00', NULL, 1),
(761, 35, 'Максим', 'Доля', 'Андреевич', '', '', '0000-00-00', NULL, 1),
(762, 35, 'Сеит-Мемет', 'Исмаилов', 'Русланович', '', '', '0000-00-00', NULL, 1),
(763, 35, 'Денис', 'Колосов', 'Дмитриевич', '', '', '0000-00-00', NULL, 1),
(764, 35, 'Алексей', 'Кононов', 'Геннадьевич', '', '', '0000-00-00', NULL, 1),
(765, 35, 'Ремзи', 'Куртсеитов', 'Энверович', '', '', '0000-00-00', NULL, 1),
(766, 35, 'Владислав', 'Орешко', 'Сергеевич', '', '', '0000-00-00', NULL, 1),
(767, 35, 'Иван', 'Планетов', 'Александрович', '', '', '0000-00-00', NULL, 1),
(768, 35, 'Владислав', 'Поспелкин', 'Александрович', '', '', '0000-00-00', NULL, 1),
(769, 35, 'Олег', 'Радинюк', 'Анатольевич', '', '', '0000-00-00', NULL, 1),
(770, 35, 'Егор', 'Резниченко', 'Андреевич', '', '', '0000-00-00', NULL, 1),
(771, 35, 'Данил', 'Савицкий', 'Сергеевич', '', '', '0000-00-00', NULL, 1),
(772, 35, 'Тимофей', 'Тимофеев', 'Валерьевич', '', '', '0000-00-00', NULL, 1),
(773, 35, 'Денис', 'Токмаков', 'Юрьевич', '', '', '0000-00-00', NULL, 1),
(774, 35, 'Алим', 'Халилов', 'Русланович', '', '', '0000-00-00', NULL, 1),
(775, 35, 'Адам', 'Хачиров', 'Валерьевич', '', '', '0000-00-00', NULL, 1),
(776, 35, 'Ильгиз', 'Шаймарданов', 'Ринатович', '', '', '0000-00-00', NULL, 1),
(777, 35, 'Денис', 'Щербаков', 'Витальевич', '', '', '0000-00-00', NULL, 1),
(778, 36, 'Ридван', 'Аметов', 'Серверович', '', '', '0000-00-00', NULL, 1),
(779, 36, 'Шамиль', 'Атнагулов', 'Салаватович', '', '', '0000-00-00', NULL, 1),
(780, 36, 'Никита', 'Бараниченко', 'Сергеевич', '', '', '0000-00-00', NULL, 1),
(781, 36, 'Анастасия', 'Башкирова', 'Дмитриевна', '', '', '0000-00-00', NULL, 2),
(782, 36, 'Ярослав', 'Бельтиков', 'Сергеевич', '', '', '0000-00-00', NULL, 1),
(783, 36, 'Валентин', 'Божовский', 'Петрович', '', '', '0000-00-00', NULL, 1),
(784, 36, 'Станислав', 'Бойко', 'Анатольевич', '', '', '0000-00-00', NULL, 1),
(785, 36, 'Вячеслав', 'Гринивецкий', 'Дмитриевич', '', '', '0000-00-00', NULL, 1),
(786, 36, 'Шевкет', 'Исмаилов', 'Русланович', '', '', '0000-00-00', NULL, 1),
(787, 36, 'Руслан', 'Кицак', 'Владимирович', '', '', '0000-00-00', NULL, 1),
(788, 36, 'Артем', 'Костенко', 'Олегович', '', '', '0000-00-00', NULL, 1),
(789, 36, 'Владимир', 'Ленский', 'Владимирович', '', '', '0000-00-00', NULL, 1),
(790, 36, 'Владислав', 'Ляпунов', 'Денисович', '', '', '0000-00-00', NULL, 1),
(791, 36, 'Анастасия', 'Мельник', 'Петровна', '', '', '0000-00-00', NULL, 2),
(792, 36, 'Александр', 'Менжелеев', 'Федорович', '', '', '0000-00-00', NULL, 1),
(793, 36, 'Давид', 'Некрашевич', 'Владимирович', '', '', '0000-00-00', NULL, 1),
(794, 36, 'Даниил', 'Пономаренко', 'Викторович', '', '', '0000-00-00', NULL, 1),
(795, 36, 'Иван', 'Тарыкин', 'Витальевич', '', '', '0000-00-00', NULL, 1),
(796, 36, 'Владислав', 'Чуб', 'Дмитриевич', '', '', '0000-00-00', NULL, 1),
(797, 36, 'Тимур', 'Ягудин', 'Русланович', '', '', '0000-00-00', NULL, 1),
(798, 36, 'Руслан', 'Яременко', 'Шевкиевич', '', '', '0000-00-00', NULL, 1),
(799, 37, 'Наринэ', 'Аствацатурова', 'Самвеловна', '', '', '0000-00-00', NULL, 2),
(800, 37, 'Валерия', 'Будзак', 'Васильевна', '', '', '0000-00-00', NULL, 2),
(801, 37, 'Михаил', 'Варивода', 'Константинович', '', '', '0000-00-00', NULL, 1),
(802, 37, 'Тамила', 'Велиляева', 'Эмильевна', '', '', '0000-00-00', NULL, 2),
(803, 37, 'Владимир', 'Галинский', 'Владимирович', '', '', '0000-00-00', NULL, 1),
(804, 37, 'Анастасия', 'Годорожа', 'Олеговна', '', '', '0000-00-00', NULL, 2),
(805, 37, 'Алиса', 'Гончар', 'Евгеньевна', '', '', '0000-00-00', NULL, 2),
(806, 37, 'Анастасия', 'Долгих', 'Вячеславовна', '', '', '0000-00-00', NULL, 2),
(807, 37, 'Юлия', 'Кондратьева', 'Алексеевна', '', '', '0000-00-00', NULL, 2),
(808, 37, 'Василина', 'Крат', 'Андреевна', '', '', '0000-00-00', NULL, 2),
(809, 37, 'Анна', 'Кулакова', 'Валентиновна', '', '', '0000-00-00', NULL, 2),
(810, 37, 'Анастасия', 'Легина', 'Борисовна', '', '', '0000-00-00', NULL, 2),
(811, 37, 'Юлия', 'Михайлик', 'Александровна', '', '', '0000-00-00', NULL, 2),
(812, 37, 'Ева', 'Муравьёва', 'Владимровна', '', '', '0000-00-00', NULL, 2),
(813, 37, 'София', 'Пузачёва', 'Владимировна', '', '', '0000-00-00', NULL, 2),
(814, 37, 'Анна', 'Родионова', 'Александровна', '', '', '0000-00-00', NULL, 2),
(815, 37, 'Елизавета', 'Савченко', 'Витальевна', '', '', '0000-00-00', NULL, 2),
(816, 37, 'Анастасия', 'Сердюченко', 'Дмитриевна', '', '', '0000-00-00', NULL, 2),
(817, 37, 'Анастасия', 'Томашова', 'Сергеевна', '', '', '0000-00-00', NULL, 2),
(818, 37, 'Оксана', 'Холявка', 'Алексеевна', '', '', '0000-00-00', NULL, 2),
(819, 37, 'Дмитрий', 'Чуров', 'Алексеевич', '', '', '0000-00-00', NULL, 1),
(820, 38, 'Эльмаз', 'Бекирова', 'Наримановна', '', '', '0000-00-00', NULL, 2),
(821, 38, 'Данил', 'Бородин', 'Дмитриевич', '', '', '0000-00-00', NULL, 1),
(822, 38, 'Никита', 'Бургун', 'Эдуардович', '', '', '0000-00-00', NULL, 1),
(823, 38, 'Юлия', 'Ветелкина', 'Николаевна', '', '', '0000-00-00', NULL, 2),
(824, 38, 'Никита', 'Евтушенко', 'Олеговна', '', '', '0000-00-00', NULL, 2),
(825, 38, 'Илья', 'Зюбан', 'Вадимович', '', '', '0000-00-00', NULL, 1),
(826, 38, 'Дарья', 'Ирлица', 'Андреевна', '', '', '0000-00-00', NULL, 2),
(827, 38, 'Лиля', 'Канорова', 'Рустемовна', '', '', '0000-00-00', NULL, 2),
(828, 38, 'Никита', 'Ключко', 'Андреевич', '', '', '0000-00-00', NULL, 1),
(829, 38, 'Хайбулла', 'Куртаметов', 'Руслан-Оглу', '', '', '0000-00-00', NULL, 1),
(830, 38, 'Ростислав', 'Кущенко', 'Васильевич', '', '', '0000-00-00', NULL, 1),
(831, 38, 'Ольга', 'Манохина', 'Романовна', '', '', '0000-00-00', NULL, 2),
(832, 38, 'Матвей', 'Михайлов', 'Игоревич', '', '', '0000-00-00', NULL, 1),
(833, 38, 'Ирина', 'Паламарчук', 'Андреевна', '', '', '0000-00-00', NULL, 2),
(834, 38, 'Арина', 'Перкон', 'Андреевна', '', '', '0000-00-00', NULL, 2),
(835, 38, 'Димитрий', 'Пескин', 'Александрович', '', '', '0000-00-00', NULL, 1),
(836, 38, 'Арина', 'Силенко', 'Олеговна', '', '', '0000-00-00', NULL, 2),
(837, 38, 'Александр', 'Токунов', 'Геннадьевич', '', '', '0000-00-00', NULL, 1),
(838, 38, 'Даниил', 'Харев', 'Павлович', '', '', '0000-00-00', NULL, 1),
(839, 38, 'Евгений', 'Чечель', 'Денисович', '', '', '0000-00-00', NULL, 1),
(840, 39, 'Эльмаз', 'Абаева', 'Юнусовна', '', '', '0000-00-00', NULL, 2),
(841, 39, 'Александр', 'Брусленко', 'Михайлович', '', '', '0000-00-00', NULL, 1),
(842, 39, 'Анна', 'Валинтеева', 'Артемовна', '', '', '0000-00-00', NULL, 2),
(843, 39, 'Рамазан', 'Влиляев', 'Диляверович', '', '', '0000-00-00', NULL, 1),
(844, 39, 'Андрей', 'Дударев', 'Сергеевич', '', '', '0000-00-00', NULL, 1),
(845, 39, 'Руслан', 'Карамутдинов', 'Ильясович', '', '', '0000-00-00', NULL, 1),
(846, 39, 'Сергей', 'Колган', 'Александрович', '', '', '0000-00-00', NULL, 1),
(847, 39, 'Тимур', 'Куницин', 'Данилович', '', '', '0000-00-00', NULL, 1),
(848, 39, 'Каролина', 'Лищук', 'Сергеевна', '', '', '0000-00-00', NULL, 2),
(849, 39, 'Евгений', 'Лысенко', 'Андреевич', '', '', '0000-00-00', NULL, 1),
(850, 39, 'Дмитрий', 'Макарчук', 'Викторович', '', '', '0000-00-00', NULL, 1),
(851, 39, 'Константин', 'Миняйло', 'Дмитриевич', '', '', '0000-00-00', NULL, 1),
(852, 39, 'Артем', 'Налимов', 'Романович', '', '', '0000-00-00', NULL, 1),
(853, 39, 'Максим', 'Мизгирёв', 'Васильевич', '', '', '0000-00-00', NULL, 1),
(854, 39, 'Данил', 'Пелих', 'Вячеславович', '', '', '0000-00-00', NULL, 1),
(855, 39, 'Эмирасан', 'Реизов', 'Решатович', '', '', '0000-00-00', NULL, 1),
(856, 39, 'Александр', 'Рябошенко', 'Олегович', '', '', '0000-00-00', NULL, 1),
(857, 39, 'Александр', 'Савчук', 'Андреевич', '', '', '0000-00-00', NULL, 1),
(858, 39, 'Дмитрий', 'Седлачек', 'Вадимович', '', '', '0000-00-00', NULL, 1),
(859, 39, 'Эдем', 'Сейтаблаев', 'Аметович', '', '', '0000-00-00', NULL, 1),
(860, 39, 'Александр', 'Соголаев', 'Александрович', '', '', '0000-00-00', NULL, 1),
(861, 39, 'Владислав', 'Соловьев', 'Максимович', '', '', '0000-00-00', NULL, 1),
(862, 39, 'Никита', 'Фомичев', 'Александрович', '', '', '0000-00-00', NULL, 1),
(863, 39, 'Кирилл', 'Халевин', 'Александрович', '', '', '0000-00-00', NULL, 1),
(864, 39, 'Алим', 'Халилев', 'Русланович', '', '', '0000-00-00', NULL, 1),
(865, 39, 'Аркадий', 'Чесноков', 'Павлович', '', '', '0000-00-00', NULL, 1),
(866, 40, 'Осман', 'Ахметов', 'Заурович', '', '', '0000-00-00', NULL, 1),
(867, 40, 'Александр', 'Борбицкий', 'Александрович', '', '', '0000-00-00', NULL, 1),
(868, 40, 'Владислав', 'Бородин', 'Игоревич', '', '', '0000-00-00', NULL, 1),
(869, 40, 'Надежда', 'Здыбель', 'Валерьевна', '', '', '0000-00-00', NULL, 2),
(870, 40, 'Наталья', 'Зенгина', 'Александровна', '', '', '0000-00-00', NULL, 2),
(871, 40, 'Александр', 'Кочергин', 'Александрович', '', '', '0000-00-00', NULL, 1),
(872, 40, 'Оксана', 'Кузнецова', 'Александровна', '', '', '0000-00-00', NULL, 2),
(873, 40, 'Николай', 'Лузгин', 'Александрович', '', '', '0000-00-00', NULL, 1),
(874, 40, 'Валерия', 'Сальникова', 'Александровна', '', '', '0000-00-00', NULL, 2),
(875, 41, 'Анастасия', 'Андрющенко', 'Сергеевна', '', '', '0000-00-00', NULL, 2),
(876, 41, 'Эдем', 'Арабаджиев', 'Ленурович', '', '', '0000-00-00', NULL, 1),
(877, 41, 'Владимир', 'Бражников', 'Романович', '', '', '0000-00-00', NULL, 1),
(878, 41, 'Кристина', 'Володько', 'Аркадьевна', '', '', '0000-00-00', NULL, 2),
(879, 41, 'Анна', 'Иович', 'Эдуардовна', '', '', '0000-00-00', NULL, 2),
(880, 41, 'Наталья', 'Котова', 'Николаевна', '', '', '0000-00-00', NULL, 2),
(881, 41, 'Алина', 'Курьян', 'Олеговна', '', '', '0000-00-00', NULL, 2),
(882, 41, 'Карина', 'Кузнецова', 'Борисовна', '', '', '0000-00-00', NULL, 2),
(883, 41, 'Руслана', 'Лодина', 'Игоревна', '', '', '0000-00-00', NULL, 2),
(884, 41, 'Анастасия', 'Минаева', 'Раимовна', '', '', '0000-00-00', NULL, 2),
(885, 41, 'Виктория', 'Мухина', 'Сергеевна', '', '', '0000-00-00', NULL, 2),
(886, 41, 'Анастасия', 'Набойщикова', 'Игоревна', '', '', '0000-00-00', NULL, 2),
(887, 41, 'Алёна', 'Татаринова', 'Александровна', '', '', '0000-00-00', NULL, 2),
(888, 41, 'Вероника', 'Титаренко', 'Сергеевна', '', '', '0000-00-00', NULL, 2),
(889, 41, 'Анастасия', 'Скопина', 'Дмитриевна', '', '', '0000-00-00', NULL, 2),
(890, 41, 'Азиме', 'Фератова', 'Ниязиевна', '', '', '0000-00-00', NULL, 2),
(891, 41, 'Анна', 'Хурс', 'Николаевна', '', '', '0000-00-00', NULL, 2),
(892, 41, 'Карина', 'Чек', 'Андреевна', '', '', '0000-00-00', NULL, 2),
(893, 42, 'Дарья', 'Бабкина', 'Алексеевна', '', '', '0000-00-00', NULL, 2),
(894, 42, 'Иван', 'Забияченко', 'Алексеевич', '', '', '0000-00-00', NULL, 1),
(895, 42, 'Анастасия', 'Иценко', 'Константиновна', '', '', '0000-00-00', NULL, 2),
(896, 42, 'Никита', 'Кочергин', 'Александрович', '', '', '0000-00-00', NULL, 1),
(897, 42, 'Наталья', 'Кузнецова', 'Николаевна', '', '', '0000-00-00', NULL, 2),
(898, 42, 'Кристина', 'Лихачева', 'Владимировна', '', '', '0000-00-00', NULL, 2),
(899, 42, 'Ярослав', 'Макаренко', 'Петрович', '', '', '0000-00-00', NULL, 1),
(900, 42, 'Александра', 'Макарова', 'Александровна', '', '', '0000-00-00', NULL, 2),
(901, 42, 'Анастасия', 'Моисеева', 'Александровна', '', '', '0000-00-00', NULL, 2),
(902, 42, 'Софья', 'Моисеева', 'Геннадьевна', '', '', '0000-00-00', NULL, 2),
(903, 42, 'Диана', 'Молчанова', 'Олеговна', '', '', '0000-00-00', NULL, 2),
(904, 42, 'Дарья', 'Овсянникова', 'Сергеевна', '', '', '0000-00-00', NULL, 2),
(905, 42, 'Алина', 'Ошовская', 'Станиславовна', '', '', '0000-00-00', NULL, 2),
(906, 42, 'Анастасия', 'Пархоменко', 'Дмитриевна', '', '', '0000-00-00', NULL, 2),
(907, 42, 'Константин', 'Тимченко', 'Сергеевич', '', '', '0000-00-00', NULL, 1),
(908, 42, 'Вероника', 'Чумаченко', 'Денисовна', '', '', '0000-00-00', NULL, 2);

-- --------------------------------------------------------

--
-- Структура таблицы `teachers`
--

CREATE TABLE `teachers` (
  `teacher_id` int(11) NOT NULL,
  `teacher_name` varchar(90) COLLATE utf8_unicode_ci NOT NULL COMMENT 'имя преподавателя',
  `teacher_second_name` varchar(90) COLLATE utf8_unicode_ci NOT NULL COMMENT 'фамилия преподавателя',
  `teacher_middle_name` varchar(90) COLLATE utf8_unicode_ci NOT NULL COMMENT 'отчество преподавателя',
  `teacher_phone` varchar(30) COLLATE utf8_unicode_ci DEFAULT NULL COMMENT 'телефон преподавателя',
  `teacher_email` text COLLATE utf8_unicode_ci COMMENT 'электронная почта преподавателя',
  `teacher_birth` date DEFAULT NULL COMMENT 'Дата рождения преподавателя'
) ENGINE=InnoDB DEFAULT CHARSET=utf8 COLLATE=utf8_unicode_ci;

--
-- Индексы сохранённых таблиц
--

--
-- Индексы таблицы `accounts`
--
ALTER TABLE `accounts`
  ADD PRIMARY KEY (`account_id`),
  ADD UNIQUE KEY `account_username` (`account_username`);

--
-- Индексы таблицы `accounts_registration`
--
ALTER TABLE `accounts_registration`
  ADD PRIMARY KEY (`account_registration_code`),
  ADD UNIQUE KEY `account_registration_code_created_date` (`account_registration_code_created_date`),
  ADD KEY `account_link_to_teacher_id` (`account_link_to_teacher_id`);

--
-- Индексы таблицы `bindings_accounts`
--
ALTER TABLE `bindings_accounts`
  ADD UNIQUE KEY `account_id` (`account_id`),
  ADD UNIQUE KEY `teacher_id` (`teacher_id`);

--
-- Индексы таблицы `groups`
--
ALTER TABLE `groups`
  ADD PRIMARY KEY (`group_id`),
  ADD UNIQUE KEY `group_name` (`group_name`),
  ADD UNIQUE KEY `group_short_name` (`group_short_name`) USING BTREE;

--
-- Индексы таблицы `groups_curators`
--
ALTER TABLE `groups_curators`
  ADD KEY `teacher_id_index` (`teacher_id`),
  ADD KEY `group_unique_group_id_index` (`group_unique_group_id`) USING BTREE;

--
-- Индексы таблицы `groups_now`
--
ALTER TABLE `groups_now`
  ADD PRIMARY KEY (`group_unique_group_id`),
  ADD KEY `group_id` (`group_id`);

--
-- Индексы таблицы `students`
--
ALTER TABLE `students`
  ADD PRIMARY KEY (`student_id`),
  ADD KEY `student_second_name_index` (`student_second_name`) USING BTREE,
  ADD KEY `group_id_index` (`group_unique_group_id`);

--
-- Индексы таблицы `teachers`
--
ALTER TABLE `teachers`
  ADD PRIMARY KEY (`teacher_id`),
  ADD KEY `teacher_second_name_index` (`teacher_second_name`);

--
-- AUTO_INCREMENT для сохранённых таблиц
--

--
-- AUTO_INCREMENT для таблицы `accounts`
--
ALTER TABLE `accounts`
  MODIFY `account_id` int(11) NOT NULL AUTO_INCREMENT, AUTO_INCREMENT=2;

--
-- AUTO_INCREMENT для таблицы `groups`
--
ALTER TABLE `groups`
  MODIFY `group_id` int(11) NOT NULL AUTO_INCREMENT, AUTO_INCREMENT=10;

--
-- AUTO_INCREMENT для таблицы `groups_now`
--
ALTER TABLE `groups_now`
  MODIFY `group_unique_group_id` int(11) NOT NULL AUTO_INCREMENT, AUTO_INCREMENT=43;

--
-- AUTO_INCREMENT для таблицы `students`
--
ALTER TABLE `students`
  MODIFY `student_id` int(11) NOT NULL AUTO_INCREMENT, AUTO_INCREMENT=909;

--
-- AUTO_INCREMENT для таблицы `teachers`
--
ALTER TABLE `teachers`
  MODIFY `teacher_id` int(11) NOT NULL AUTO_INCREMENT;

--
-- Ограничения внешнего ключа сохраненных таблиц
--

--
-- Ограничения внешнего ключа таблицы `accounts_registration`
--
ALTER TABLE `accounts_registration`
  ADD CONSTRAINT `accounts_registration_ibfk_1` FOREIGN KEY (`account_link_to_teacher_id`) REFERENCES `teachers` (`teacher_id`) ON DELETE CASCADE ON UPDATE CASCADE;

--
-- Ограничения внешнего ключа таблицы `bindings_accounts`
--
ALTER TABLE `bindings_accounts`
  ADD CONSTRAINT `bindings_accounts_ibfk_1` FOREIGN KEY (`account_id`) REFERENCES `accounts` (`account_id`) ON DELETE CASCADE ON UPDATE CASCADE,
  ADD CONSTRAINT `bindings_accounts_ibfk_2` FOREIGN KEY (`teacher_id`) REFERENCES `teachers` (`teacher_id`) ON DELETE CASCADE ON UPDATE CASCADE;

--
-- Ограничения внешнего ключа таблицы `groups_curators`
--
ALTER TABLE `groups_curators`
  ADD CONSTRAINT `groups_curators_ibfk_1` FOREIGN KEY (`group_unique_group_id`) REFERENCES `groups_now` (`group_unique_group_id`) ON DELETE CASCADE ON UPDATE CASCADE,
  ADD CONSTRAINT `groups_curators_ibfk_2` FOREIGN KEY (`teacher_id`) REFERENCES `teachers` (`teacher_id`) ON DELETE CASCADE ON UPDATE CASCADE;

--
-- Ограничения внешнего ключа таблицы `groups_now`
--
ALTER TABLE `groups_now`
  ADD CONSTRAINT `groups_now_ibfk_1` FOREIGN KEY (`group_id`) REFERENCES `groups` (`group_id`) ON DELETE CASCADE ON UPDATE CASCADE;

--
-- Ограничения внешнего ключа таблицы `students`
--
ALTER TABLE `students`
  ADD CONSTRAINT `students_ibfk_1` FOREIGN KEY (`group_unique_group_id`) REFERENCES `groups_now` (`group_unique_group_id`) ON DELETE CASCADE ON UPDATE CASCADE;
COMMIT;

/*!40101 SET CHARACTER_SET_CLIENT=@OLD_CHARACTER_SET_CLIENT */;
/*!40101 SET CHARACTER_SET_RESULTS=@OLD_CHARACTER_SET_RESULTS */;
/*!40101 SET COLLATION_CONNECTION=@OLD_COLLATION_CONNECTION */;
